Compound_ID,Smiles,Standard Type,Standard Relation,Standard Value,Standard Units,pChEMBL Value,Assay ChEMBL ID,Target ChEMBL ID,n_isomers
CHEMBL18854,CCCCCCS(=O)(=O)c1ccc(Cl)cc1C1NC(=O)NC1=O,IC50,=,230.0,nM,6.64,CHEMBL764859,CHEMBL1900,2
CHEMBL19744,CNS(=O)(=O)c1ccc(Cl)cc1C1NC(=O)NC1=O,IC50,=,130.0,nM,6.89,CHEMBL764859,CHEMBL1900,2
CHEMBL19711,O=C1NC(=O)C(c2cc(Cl)ccc2S(=O)(=O)NCCCc2ccccc2)N1,IC50,=,100.0,nM,7.0,CHEMBL764859,CHEMBL1900,2
CHEMBL19392,O=C1NC(=O)C(c2cc(Cl)ccc2S(=O)(=O)NCCCCc2ccccc2)N1,IC50,=,5630.0,nM,5.25,CHEMBL764859,CHEMBL1900,2
CHEMBL19746,COc1ccc(F)cc1C1NC(=O)NC1=O,IC50,=,7470.0,nM,5.13,CHEMBL764859,CHEMBL1900,2
CHEMBL19781,O=C1NC(=O)C(c2cc(Cl)ccc2[S+]([O-])Cc2ccc(Cl)cc2)N1,IC50,=,470.0,nM,6.33,CHEMBL764859,CHEMBL1900,4
CHEMBL266497,O=C1NC(=O)[C@@]2(CCOc3ccc(F)cc32)N1,IC50,=,120.0,nM,6.92,CHEMBL764859,CHEMBL1900,1
CHEMBL19649,O=C1NC(=O)C(c2cc(Cl)ccc2S(=O)(=O)Cc2ccc(Cl)cc2)N1,IC50,=,270.0,nM,6.57,CHEMBL764859,CHEMBL1900,2
CHEMBL440790,CS(=O)(=O)c1c(C2NC(=O)NC2=O)cc(Cl)cc1C(F)(F)F,IC50,=,580.0,nM,6.24,CHEMBL764859,CHEMBL1900,2
CHEMBL429059,CCCNS(=O)(=O)c1ccc(Cl)cc1C1NC(=O)NC1=O,IC50,=,580.0,nM,6.24,CHEMBL764859,CHEMBL1900,2
CHEMBL18865,CC(C)S(=O)(=O)c1ccc(Cl)cc1C1NC(=O)NC1=O,IC50,=,380.0,nM,6.42,CHEMBL764859,CHEMBL1900,2
CHEMBL19316,O=C1NC(=O)C(c2cc(Cl)ccc2S(=O)(=O)CCc2ccc(Cl)cc2)N1,IC50,=,220.0,nM,6.66,CHEMBL764859,CHEMBL1900,2
CHEMBL19789,O=C1NC(=O)C(c2cc(Cl)ccc2SCc2ccc(Cl)cc2)N1,IC50,=,1200.0,nM,5.92,CHEMBL764859,CHEMBL1900,2
CHEMBL2310845,CN1C(=O)NC(=O)[C@]12CCOc1ccc(F)cc12,IC50,=,100000.0,nM,4.0,CHEMBL643095,CHEMBL1900,1
CHEMBL19064,CCCCNS(=O)(=O)c1ccc(Cl)cc1C1NC(=O)NC1=O,IC50,=,700.0,nM,6.16,CHEMBL641352,CHEMBL1900,2
CHEMBL19187,O=C1NC(=O)C(c2cc(Cl)ccc2S(=O)(=O)NCc2ccccc2)N1,IC50,=,30.0,nM,7.52,CHEMBL764859,CHEMBL1900,2
CHEMBL277427,CS(=O)(=O)c1c(Cl)cc(Cl)cc1C1NC(=O)NC1=O,IC50,=,610.0,nM,6.21,CHEMBL764859,CHEMBL1900,2
CHEMBL278565,COc1ccc(Cl)cc1C1NC(=O)NC1=O,IC50,=,3870.0,nM,5.41,CHEMBL764859,CHEMBL1900,2
CHEMBL277520,CS(=O)(=O)c1ccc(Cl)cc1C1NC(=O)NC1=O,IC50,=,50.0,nM,7.3,CHEMBL641352,CHEMBL1900,2
CHEMBL280357,CN(C)S(=O)(=O)c1ccc(Cl)cc1C1NC(=O)NC1=O,IC50,=,4470.0,nM,5.35,CHEMBL764859,CHEMBL1900,2
CHEMBL19495,CCS(=O)(=O)c1ccc(Cl)cc1C1NC(=O)NC1=O,IC50,=,180.0,nM,6.75,CHEMBL764859,CHEMBL1900,2
CHEMBL443492,CCCS(=O)(=O)c1ccc(Cl)cc1C1NC(=O)NC1=O,IC50,=,250.0,nM,6.6,CHEMBL764859,CHEMBL1900,2
CHEMBL19427,CCCCCS(=O)(=O)c1ccc(Cl)cc1C1NC(=O)NC1=O,IC50,=,50.0,nM,7.3,CHEMBL764859,CHEMBL1900,2
CHEMBL310274,O=C1NC(=O)C(N2C(=O)c3cccc4cccc(c34)C2=O)N1,IC50,=,8000.0,nM,5.1,CHEMBL643095,CHEMBL1900,2
CHEMBL19885,CS(=O)(=O)c1ccc(F)cc1C1NC(=O)NC1=O,IC50,=,610.0,nM,6.21,CHEMBL764859,CHEMBL1900,2
CHEMBL19532,CCCCCNS(=O)(=O)c1ccc(Cl)cc1C1NC(=O)NC1=O,IC50,=,190.0,nM,6.72,CHEMBL764859,CHEMBL1900,2
CHEMBL279274,C[S+]([O-])c1ccc(Cl)cc1C1NC(=O)NC1=O,IC50,=,250.0,nM,6.6,CHEMBL641352,CHEMBL1900,4
CHEMBL279878,NS(=O)(=O)c1ccc(Cl)cc1C1NC(=O)NC1=O,IC50,=,150.0,nM,6.82,CHEMBL764859,CHEMBL1900,2
CHEMBL19502,Cc1cc(Cl)cc(C2NC(=O)NC2=O)c1S(C)(=O)=O,IC50,=,270.0,nM,6.57,CHEMBL764859,CHEMBL1900,2
CHEMBL274727,O=C1NC(=O)C(c2cc(Cl)ccc2S(=O)(=O)Nc2ccc(F)cc2)N1,IC50,=,230.0,nM,6.64,CHEMBL764859,CHEMBL1900,2
CHEMBL275868,O=C1NC(=O)C(c2cc(Cl)ccc2S(=O)(=O)NCCc2ccccc2)N1,IC50,=,1260.0,nM,5.9,CHEMBL764859,CHEMBL1900,2
CHEMBL278584,CSc1ccc(Cl)cc1C1NC(=O)NC1=O,IC50,=,620.0,nM,6.21,CHEMBL764859,CHEMBL1900,2
CHEMBL419254,O=C(O)Cc1nn(Cc2nc3cc(F)cc(F)c3s2)c2ccc(Cl)cc12,IC50,=,110.0,nM,6.96,CHEMBL643096,CHEMBL1900,1
CHEMBL309132,O=C(O)Cc1nn(Cc2nc3cc(C(F)(F)F)ccc3s2)c(=O)c2cccnc12,IC50,=,41.0,nM,7.39,CHEMBL643096,CHEMBL1900,1
CHEMBL73560,Cc1c(C)c(=O)n(Cc2nc3cc(F)cc(F)c3s2)nc1CC(=O)O,IC50,=,5.0,nM,8.3,CHEMBL643096,CHEMBL1900,1
CHEMBL73505,O=C(O)Cc1nn(Cc2nc3cc(F)ccc3s2)c2ccc(Cl)cc12,IC50,=,4.6,nM,8.34,CHEMBL643096,CHEMBL1900,1
CHEMBL71966,Cc1c(C)c(=O)n(Cc2nc(-c3cccc(F)c3F)no2)nc1CC(=O)O,IC50,=,3.3,nM,8.48,CHEMBL643096,CHEMBL1900,1
CHEMBL69537,O=C(O)Cc1nn(Cc2nc3ccccc3s2)c(=O)c2cc3ccccc3cc12,IC50,=,46.0,nM,7.34,CHEMBL643096,CHEMBL1900,1
CHEMBL308216,O=C(O)Cc1nn(Cc2nc3cc(F)cc(F)c3s2)c2ccccc12,IC50,=,30.0,nM,7.52,CHEMBL643096,CHEMBL1900,1
CHEMBL70247,O=C(O)Cc1nn(Cc2nc3ccccc3s2)c2ccccc12,IC50,=,680.0,nM,6.17,CHEMBL643096,CHEMBL1900,1
CHEMBL306244,O=C(O)Cc1nn(Cc2nc3cc(C(F)(F)F)ccc3s2)c2ccccc12,IC50,=,33.0,nM,7.48,CHEMBL643096,CHEMBL1900,1
CHEMBL68705,O=C(O)Cc1nn(Cc2nc3cc(C(F)(F)F)ccc3s2)c2ccc(Cl)cc12,IC50,=,35.0,nM,7.46,CHEMBL643096,CHEMBL1900,1
CHEMBL21091,O=C(O)Cc1nn(Cc2nc3ccccc3s2)c(=O)c2ccccc12,IC50,=,19.0,nM,7.72,CHEMBL643096,CHEMBL1900,1
CHEMBL69183,O=C(O)Cc1nn(Cc2nc3cc(C(F)(F)F)ccc3s2)c(=O)cc1,IC50,=,340.0,nM,6.47,CHEMBL643096,CHEMBL1900,1
CHEMBL305064,O=C(O)Cc1nn(Cc2nc3cc(F)cc(F)c3s2)c(=O)c2cccnc12,IC50,=,26.0,nM,7.58,CHEMBL643096,CHEMBL1900,1
CHEMBL303210,Cc1cc(=O)n(Cc2nc3cc(C(F)(F)F)ccc3s2)nc1CC(=O)O,IC50,=,18.0,nM,7.75,CHEMBL643096,CHEMBL1900,1
CHEMBL306222,O=C(O)Cc1nn(Cc2ccc(Br)cc2F)c2ccccc12,IC50,=,6200.0,nM,5.21,CHEMBL643096,CHEMBL1900,1
CHEMBL66006,O=C(O)Cc1nn(Cc2ccc(Br)cc2F)c(=O)c2c1CCCC2,IC50,=,32.0,nM,7.5,CHEMBL643096,CHEMBL1900,1
CHEMBL421487,O=C(O)Cc1nn(Cc2nc3cc(Br)ccc3s2)c2ccc(Cl)cc12,IC50,=,65.0,nM,7.19,CHEMBL643096,CHEMBL1900,1
CHEMBL69907,O=C(O)Cc1nn(Cc2nc3ccccc3o2)c2ccc(Cl)cc12,IC50,=,100.0,nM,7.0,CHEMBL643096,CHEMBL1900,1
CHEMBL68586,Cc1c(C)c(=O)n(Cc2ccc(Br)cc2F)nc1CC(=O)O,IC50,=,290.0,nM,6.54,CHEMBL643096,CHEMBL1900,1
CHEMBL68580,O=C(O)Cc1nn(Cc2nc3cc(C(F)(F)F)ccc3s2)c(=O)c2c1CCCC2,IC50,=,5.2,nM,8.28,CHEMBL643096,CHEMBL1900,1
CHEMBL67591,O=C(O)Cc1nn(Cc2nc3ccccc3s2)c2ccc(Cl)cc12,IC50,=,58.0,nM,7.24,CHEMBL643096,CHEMBL1900,1
CHEMBL69350,Cc1c(C)c(=O)n(Cc2nc3cc(C(F)(F)F)ccc3s2)nc1CC(=O)O,IC50,=,16.0,nM,7.8,CHEMBL643096,CHEMBL1900,1
CHEMBL69956,O=C(O)Cc1nn(Cc2nc3cc(C(F)(F)F)ccc3s2)c(=O)c2ncccc12,IC50,=,2.1,nM,8.68,CHEMBL643096,CHEMBL1900,1
CHEMBL304995,O=C(O)Cc1nn(Cc2nc3cc(F)cc(F)c3s2)c(=O)c2c1CCCC2,IC50,=,4.0,nM,8.4,CHEMBL643096,CHEMBL1900,1
CHEMBL69371,O=C(O)Cc1nn(Cc2ccc(Br)cc2F)c(=O)c2ncccc12,IC50,=,760.0,nM,6.12,CHEMBL643096,CHEMBL1900,1
CHEMBL67922,O=C(O)Cc1nn(Cc2ccc(Br)cc2F)c(=O)c2cc3ccccc3cc12,IC50,=,420.0,nM,6.38,CHEMBL643096,CHEMBL1900,1
CHEMBL10372,O=C(O)Cc1nn(Cc2nc3cc(C(F)(F)F)ccc3s2)c(=O)c2ccccc12,IC50,=,4.8,nM,8.32,CHEMBL643096,CHEMBL1900,1
CHEMBL72752,O=S(=O)(c1ccc(O)nn1)c1ccccc1-c1ccccc1,IC50,=,2200.0,nM,5.66,CHEMBL821471,CHEMBL1900,1
CHEMBL10615,CN1C(=O)c2ccc(F)cc2C2(CC(=O)NC2=O)C1=O,IC50,=,73.2,nM,7.13,CHEMBL644883,CHEMBL1900,2
CHEMBL307279,O=S(=O)(c1ccc(O)nn1)c1ccc(Br)cc1F,IC50,=,140.0,nM,6.85,CHEMBL821471,CHEMBL1900,1
CHEMBL10350,O=C(O)CC1C(=O)N(Cc2ccc(Br)cc2F)C(=O)c2ccc(F)cc21,IC50,=,226.6,nM,6.64,CHEMBL644883,CHEMBL1900,2
CHEMBL73415,O=S(=O)(c1ccc(O)nn1)c1cc2ccccc2s1,IC50,=,150.0,nM,6.82,CHEMBL821471,CHEMBL1900,1
CHEMBL10382,CN1C(=O)c2ccc(Cl)cc2C2(CC(=O)NC2=O)C1=O,IC50,=,78.2,nM,7.11,CHEMBL644883,CHEMBL1900,2
CHEMBL7679,O=C(O)Cc1nn(Cc2ccc(Br)cc2F)c(=O)c2ccccc12,IC50,=,66.5,nM,7.18,CHEMBL644883,CHEMBL1900,1
CHEMBL10552,O=C1CC2(C(=O)N1)C(=O)N(Cc1nc3cc(C(F)(F)F)ccc3s1)C(=O)c1ccc(F)cc12,IC50,=,144.1,nM,6.84,CHEMBL644883,CHEMBL1900,2
CHEMBL269455,O=C1NC(=O)C2(N1)c1cc(F)ccc1-c1ccc(F)cc12,IC50,=,54.7,nM,7.26,CHEMBL644883,CHEMBL1900,1
CHEMBL74785,COc1ccc(S(=O)(=O)c2ccc(O)nn2)cc1,IC50,=,2000.0,nM,5.7,CHEMBL821471,CHEMBL1900,1
CHEMBL241777,O=c1ccc(S(=O)(=O)c2cc3ccccc3o2)n[nH]1,IC50,=,25.0,nM,7.6,CHEMBL821471,CHEMBL1900,1
CHEMBL74183,O=S(=O)(c1ccc(O)nn1)c1ccc(Cl)cc1Cl,IC50,=,190.0,nM,6.72,CHEMBL821471,CHEMBL1900,1
CHEMBL436,COc1ccc2c(C(=S)N(C)CC(=O)O)cccc2c1C(F)(F)F,IC50,=,47.0,nM,7.33,CHEMBL644883,CHEMBL1900,1
CHEMBL73491,O=S(=O)(c1ccc(O)nn1)c1ccc(F)cc1Cl,IC50,=,280.0,nM,6.55,CHEMBL821471,CHEMBL1900,1
CHEMBL240725,Cc1c(S(=O)(=O)c2n[nH]c(=O)cc2)oc2ccc(Cl)cc12,IC50,=,0.84,nM,9.08,CHEMBL821471,CHEMBL1900,1
CHEMBL292963,O=C1C[C@@]2(C(=O)N1)C(=O)N(Cc1ccc(Br)cc1F)C(=O)c1ccc(F)cc12,IC50,=,72.6,nM,7.14,CHEMBL644883,CHEMBL1900,1
CHEMBL72278,O=S(=O)(c1ccc(O)nn1)c1cc2ccccc2[nH]1,IC50,=,5000.0,nM,5.3,CHEMBL821471,CHEMBL1900,1
CHEMBL72699,O=S(=O)(c1ccc(O)nn1)c1ccccc1Cl,IC50,=,170.0,nM,6.77,CHEMBL821471,CHEMBL1900,1
CHEMBL73330,O=S(=O)(c1ccc(O)nn1)c1nc2ccccc2s1,IC50,=,450.0,nM,6.35,CHEMBL821471,CHEMBL1900,1
CHEMBL10413,O=C(O)Cn1c(=O)n(Cc2ccc(Br)cc2F)c(=O)c2ccc(Cl)cc21,IC50,=,42.4,nM,7.37,CHEMBL644883,CHEMBL1900,1
CHEMBL74814,O=S(=O)(c1ccccc1)c1ccc(O)nn1,IC50,=,600.0,nM,6.22,CHEMBL821471,CHEMBL1900,1
CHEMBL72368,Cc1ccc(S(=O)(=O)c2ccc(O)nn2)cc1,IC50,=,1900.0,nM,5.72,CHEMBL821471,CHEMBL1900,1
CHEMBL74579,O=S(=O)(c1ccc(O)nn1)c1ccccc1Br,IC50,=,210.0,nM,6.68,CHEMBL821471,CHEMBL1900,1
CHEMBL56123,C[C@H]1C[C@@]2(NC(=O)NC2=O)c2cc(Cl)cnc2O1,IC50,=,3090.0,nM,5.51,CHEMBL641356,CHEMBL1900,1
CHEMBL56424,C[C@@H]1C[C@]2(NC(=O)NC2=O)c2cc(Cl)c[n+]([O-])c2O1,IC50,=,130.0,nM,6.89,CHEMBL641356,CHEMBL1900,1
CHEMBL292666,C[C@@H]1C[C@]2(NC(=O)NC2=O)c2cc(F)cnc2O1,IC50,=,1130.0,nM,5.95,CHEMBL641356,CHEMBL1900,1
CHEMBL293579,C[C@@H]1C[C@]2(NC(=O)NC2=O)c2cccnc2O1,IC50,=,7220.0,nM,5.14,CHEMBL641356,CHEMBL1900,1
CHEMBL56453,C[C@@H]1C[C@]2(NC(=O)NC2=O)c2cc(Cl)cnc2O1,IC50,=,25.0,nM,7.6,CHEMBL641356,CHEMBL1900,1
CHEMBL54342,C[C@@H]1C[C@]2(NC(=O)NC2=O)c2cc(Br)cnc2O1,IC50,=,500.0,nM,6.3,CHEMBL641356,CHEMBL1900,1
CHEMBL292437,O=C1NC(=O)[C@@]2(CCOc3ncc(Cl)cc32)N1,IC50,=,6450.0,nM,5.19,CHEMBL641356,CHEMBL1900,1
CHEMBL294612,C[C@H]1C[C@]2(NC(=O)NC2=O)c2cc(Cl)cnc2O1,IC50,=,890.0,nM,6.05,CHEMBL641356,CHEMBL1900,1
CHEMBL273910,O=C1CC2(C(=O)N1)C(=O)N(Cc1ccc(Br)cc1F)C(=O)c1ccc(F)cc12,IC50,=,12.2,nM,7.91,CHEMBL645284,CHEMBL1900,2
CHEMBL62685,O=C1CC2(C(=O)N1)C(=O)N(Cc1ccc(Br)cc1F)C(=O)c1ccccc12,IC50,=,19.4,nM,7.71,CHEMBL645284,CHEMBL1900,2
CHEMBL65472,NN1C(=O)Nc2ccccc2C12NC(=O)NC2=O,IC50,=,4000.0,nM,5.4,CHEMBL642956,CHEMBL1900,2
CHEMBL293869,CN1C(=O)Nc2ccccc2[C@@]12NC(=O)NC2=O,IC50,=,310.0,nM,6.51,CHEMBL642956,CHEMBL1900,1
CHEMBL63389,CCN1C(=O)Nc2ccccc2C12NC(=O)NC2=O,IC50,=,1000.0,nM,6.0,CHEMBL642956,CHEMBL1900,2
CHEMBL63527,CN1C(=O)Nc2ccc([N+](=O)[O-])c(Cl)c2C12NC(=O)NC2=O,IC50,=,470.0,nM,6.33,CHEMBL642956,CHEMBL1900,2
CHEMBL63640,CN1C(=O)Nc2c(cc(F)c(F)c2F)C12NC(=O)NC2=O,IC50,=,140.0,nM,6.85,CHEMBL642956,CHEMBL1900,2
CHEMBL66476,CN1C(=O)Nc2c([N+](=O)[O-])cc(Cl)cc2C12NC(=O)NC2=O,IC50,=,46.0,nM,7.34,CHEMBL642956,CHEMBL1900,2
CHEMBL292723,CN1C(=O)Nc2ccc(Cl)cc2[C@@]12NC(=O)NC2=O,IC50,=,22.0,nM,7.66,CHEMBL642956,CHEMBL1900,1
CHEMBL63401,CN1C(=O)Nc2ccc(OC(=O)/C=C/c3ccccc3)cc2C12NC(=O)NC2=O,IC50,=,6200.0,nM,5.21,CHEMBL642956,CHEMBL1900,2
CHEMBL63855,O=C1NC(=O)C2(N1)NC(=O)Nc1ccccc12,IC50,=,1400.0,nM,5.85,CHEMBL642956,CHEMBL1900,2
CHEMBL66192,CC(C)CN1C(=O)N(C)C2(NC(=O)NC2=O)c2ccccc21,IC50,=,390.0,nM,6.41,CHEMBL642956,CHEMBL1900,2
CHEMBL305353,CN1C(=O)Nc2cc3c(cc2C12NC(=O)NC2=O)OCO3,IC50,=,1800.0,nM,5.75,CHEMBL642956,CHEMBL1900,2
CHEMBL62906,COc1ccc2NC(=O)N(C)C3(NC(=O)NC3=O)c2c1,IC50,=,4500.0,nM,5.35,CHEMBL642956,CHEMBL1900,2
CHEMBL66636,CN1C(=O)N(C)C2(NC(=O)NC2=O)c2ccccc21,IC50,=,800.0,nM,6.1,CHEMBL642956,CHEMBL1900,2
CHEMBL66637,CN1C(=O)Nc2cc(Cl)c([N+](=O)[O-])cc2C12NC(=O)NC2=O,IC50,=,120.0,nM,6.92,CHEMBL642956,CHEMBL1900,2
CHEMBL292998,COc1c(Cl)cc2c(c1Cl)NC(=O)N(C)C21NC(=O)NC1=O,IC50,=,72.0,nM,7.14,CHEMBL642956,CHEMBL1900,2
CHEMBL66588,CN1C(=O)Nc2ccc(F)cc2C12NC(=O)NC2=O,IC50,=,100.0,nM,7.0,CHEMBL642956,CHEMBL1900,2
CHEMBL416870,CN1C(=O)Nc2c(Cl)cc(Cl)cc2C12NC(=O)NC2=O,IC50,=,37.0,nM,7.43,CHEMBL642956,CHEMBL1900,2
CHEMBL291842,Cc1ccc2NC(=O)N(C)C3(NC(=O)NC3=O)c2c1,IC50,=,800.0,nM,6.1,CHEMBL642956,CHEMBL1900,2
CHEMBL304050,CN1C(=O)Nc2ccc(OC(=O)c3ccccc3)cc2C12NC(=O)NC2=O,IC50,=,2000.0,nM,5.7,CHEMBL642956,CHEMBL1900,2
CHEMBL303058,CN1C(=O)Nc2ccc(Br)cc2C12NC(=O)NC2=O,IC50,=,52.0,nM,7.28,CHEMBL642956,CHEMBL1900,2
CHEMBL304257,CCOC(=O)c1ccc2NC(=O)N(C)C3(NC(=O)NC3=O)c2c1,IC50,=,240.0,nM,6.62,CHEMBL642956,CHEMBL1900,2
CHEMBL65385,COc1cc2c(cc1Cl)C1(NC(=O)NC1=O)N(C)C(=O)N2,IC50,=,59.0,nM,7.23,CHEMBL642956,CHEMBL1900,2
CHEMBL63778,CN1C(=O)Nc2ccc(F)cc2[C@@]12NC(=O)NC2=O,IC50,=,64.0,nM,7.19,CHEMBL642956,CHEMBL1900,1
CHEMBL65701,CN1C(=O)Nc2ccc(Cl)cc2[C@]12NC(=O)NC2=O,IC50,=,770.0,nM,6.11,CHEMBL642956,CHEMBL1900,1
CHEMBL303362,CN1C(=O)Nc2cc(Cl)c(Cl)cc2C12NC(=O)NC2=O,IC50,=,74.0,nM,7.13,CHEMBL642956,CHEMBL1900,2
CHEMBL63974,Cc1cc2c(cc1Cl)C1(NC(=O)NC1=O)N(C)C(=O)N2,IC50,=,30.0,nM,7.52,CHEMBL642956,CHEMBL1900,2
CHEMBL61955,CN1C(=O)Nc2cc(N3CCOCC3)c([N+](=O)[O-])cc2C12NC(=O)NC2=O,IC50,=,430.0,nM,6.37,CHEMBL642956,CHEMBL1900,2
CHEMBL291854,CN1C(=O)Nc2cc(Cl)ccc2C12NC(=O)NC2=O,IC50,=,94.0,nM,7.03,CHEMBL642956,CHEMBL1900,2
CHEMBL63429,CN1C(=O)Nc2ccc([N+](=O)[O-])cc2C12NC(=O)NC2=O,IC50,=,73.0,nM,7.14,CHEMBL642956,CHEMBL1900,2
CHEMBL65659,Cc1ccc2c(c1)NC(=O)N(C)C21NC(=O)NC1=O,IC50,=,220.0,nM,6.66,CHEMBL642956,CHEMBL1900,2
CHEMBL65316,CN1C(=O)Nc2cc([N+](=O)[O-])ccc2C12NC(=O)NC2=O,IC50,=,480.0,nM,6.32,CHEMBL642956,CHEMBL1900,2
CHEMBL63780,CN1C(=O)Nc2ccc(F)cc2[C@]12NC(=O)NC2=O,IC50,=,4500.0,nM,5.35,CHEMBL642956,CHEMBL1900,1
CHEMBL63866,CN1C(=O)Nc2cccc(Cl)c2C12NC(=O)NC2=O,IC50,=,860.0,nM,6.07,CHEMBL642956,CHEMBL1900,2
CHEMBL66152,CN1C(=O)Nc2ccccc2[C@]12NC(=O)NC2=O,IC50,=,3400.0,nM,5.47,CHEMBL642956,CHEMBL1900,1
CHEMBL65870,CN1C(=O)Nc2ccccc2C12NC(=O)NC2=O,IC50,=,280.0,nM,6.55,CHEMBL642956,CHEMBL1900,2
CHEMBL65372,CN1C(=O)Nc2ccc(Cl)cc2C12NC(=O)NC2=O,IC50,=,56.0,nM,7.25,CHEMBL642956,CHEMBL1900,2
CHEMBL293475,COc1ccc2c(c1)NC(=O)N(C)C21NC(=O)NC1=O,IC50,=,360.0,nM,6.44,CHEMBL642956,CHEMBL1900,2
CHEMBL303779,CN1C(=O)Nc2c(F)cccc2C12NC(=O)NC2=O,IC50,=,42.0,nM,7.38,CHEMBL642956,CHEMBL1900,2
CHEMBL65731,CN1C(=O)Nc2c([N+](=O)[O-])cc([N+](=O)[O-])cc2C12NC(=O)NC2=O,IC50,=,260.0,nM,6.58,CHEMBL642956,CHEMBL1900,2
CHEMBL65181,CN1C(=O)Nc2c(N)cc(Cl)cc2C12NC(=O)NC2=O,IC50,=,130.0,nM,6.89,CHEMBL642956,CHEMBL1900,2
CHEMBL63812,Cc1cccc2c1C1(NC(=O)NC1=O)N(C)C(=O)N2,IC50,=,400.0,nM,6.4,CHEMBL642956,CHEMBL1900,2
CHEMBL268961,O=C1NC(=O)C2(CCOc3ccc(F)cc32)N1,IC50,=,20000.0,nM,4.7,CHEMBL643097,CHEMBL1900,2
CHEMBL424485,O=C(O)Cc1nn(CC(=O)Nc2ccc(C(F)(F)F)cc2)c(=O)c2ccccc12,IC50,=,2100.0,nM,5.68,CHEMBL641358,CHEMBL1900,1
CHEMBL140750,O=C(O)Cc1nn(C/C(S)=N/c2cccc(C(F)(F)F)c2)c(=O)c2ccccc12,IC50,=,52.0,nM,7.28,CHEMBL641358,CHEMBL1900,1
CHEMBL2111987,O=C(O)Cc1nn(Cc2noc(-c3ccccc3C(F)(F)F)n2)c(=O)c2ccccc12,IC50,=,470.0,nM,6.33,CHEMBL641358,CHEMBL1900,1
CHEMBL140042,O=C(O)Cc1nn(Cc2ncc(-c3ccccc3)o2)c(=O)c2ccccc12,IC50,=,660.0,nM,6.18,CHEMBL641358,CHEMBL1900,1
CHEMBL356789,O=C(O)Cc1nn(CC(=O)Nc2cc(C(F)(F)F)cc(C(F)(F)F)c2)c(=O)c2ccccc12,IC50,=,1100.0,nM,5.96,CHEMBL641358,CHEMBL1900,1
CHEMBL422647,Cc1ccccc1-c1noc(Cn2nc(CC(=O)O)c3ccccc3c2=O)n1,IC50,=,6.4,nM,8.19,CHEMBL641358,CHEMBL1900,1
CHEMBL143863,O=C(O)Cc1nn(CC(=O)Nc2cc(F)cc(F)c2O)c(=O)c2ccccc12,IC50,=,170.0,nM,6.77,CHEMBL641358,CHEMBL1900,1
CHEMBL423187,O=C(O)Cc1nn(Cc2csc(-c3ccccc3)n2)c(=O)c2ccccc12,IC50,=,8200.0,nM,5.09,CHEMBL641358,CHEMBL1900,1
CHEMBL143708,O=C(O)Cc1nn(CC(=O)Nc2cc(C(F)(F)F)cc(C(F)(F)F)c2Br)c(=O)c2ccccc12,IC50,=,2200.0,nM,5.66,CHEMBL641358,CHEMBL1900,1
CHEMBL342786,O=C(O)Cc1nn(Cc2cc3ccccc3[nH]2)c(=O)c2ccccc12,IC50,=,870.0,nM,6.06,CHEMBL641358,CHEMBL1900,1
CHEMBL356286,O=C(O)Cc1nn(Cc2nc(-c3ccc(F)cc3F)no2)c(=O)c2ccccc12,IC50,=,630.0,nM,6.2,CHEMBL641358,CHEMBL1900,1
CHEMBL358550,O=C(O)Cc1nn(Cc2nnc(-c3ccccc3)o2)c(=O)c2ccccc12,IC50,=,3100.0,nM,5.51,CHEMBL641358,CHEMBL1900,1
CHEMBL143387,O=C(O)Cc1nn(Cc2csc(-c3ccccc3F)n2)c(=O)c2ccccc12,IC50,=,460.0,nM,6.34,CHEMBL641358,CHEMBL1900,1
CHEMBL143117,O=C(O)Cc1nn(Cc2ccc3ccccc3n2)c(=O)c2ccccc12,IC50,=,59000.0,nM,4.23,CHEMBL641358,CHEMBL1900,1
CHEMBL143569,O=C(O)Cc1nn(Cc2c3ccccc3ns2)c(=O)c2ccccc12,IC50,=,720.0,nM,6.14,CHEMBL641358,CHEMBL1900,1
CHEMBL142790,O=C(O)Cc1nn(Cc2nc3cc(Cl)cc(Cl)c3o2)c(=O)c2ccccc12,IC50,=,32.0,nM,7.5,CHEMBL641358,CHEMBL1900,1
CHEMBL143872,O=C(O)Cc1nn(Cc2cc3cccnc3s2)c(=O)c2ccccc12,IC50,=,420.0,nM,6.38,CHEMBL641358,CHEMBL1900,1
CHEMBL342974,O=C(O)Cc1nn(CC(=O)Nc2cc(C(F)(F)F)ccc2O)c(=O)c2ccccc12,IC50,=,200.0,nM,6.7,CHEMBL641358,CHEMBL1900,1
CHEMBL142989,O=C(O)Cc1nn(Cc2nc3cc(C(F)(F)F)ccc3o2)c(=O)c2ccccc12,IC50,=,31.0,nM,7.51,CHEMBL641358,CHEMBL1900,1
CHEMBL140199,O=C(O)Cc1nn(Cc2nc(-c3ccccc3)cs2)c(=O)c2ccccc12,IC50,=,34.0,nM,7.47,CHEMBL641358,CHEMBL1900,1
CHEMBL357206,O=C(O)Cc1nn(Cc2nc(-c3ccccn3)no2)c(=O)c2ccccc12,IC50,=,156.0,nM,6.81,CHEMBL641358,CHEMBL1900,1
CHEMBL143231,O=C(O)Cc1nn(Cc2nc(-c3ccccc3)no2)c(=O)c2ccccc12,IC50,=,160.0,nM,6.8,CHEMBL641358,CHEMBL1900,1
CHEMBL142542,O=C(O)Cc1nn(Cc2nc(-c3ccccc3)ns2)c(=O)c2ccccc12,IC50,=,2200.0,nM,5.66,CHEMBL641358,CHEMBL1900,1
CHEMBL142274,O=C(O)Cc1nn(Cc2nc3ccccc3o2)c(=O)c2ccccc12,IC50,=,89.0,nM,7.05,CHEMBL641358,CHEMBL1900,1
CHEMBL345068,O=C(O)Cc1nn(Cc2nc(-c3ccccc3Cl)no2)c(=O)c2ccccc12,IC50,=,23.0,nM,7.64,CHEMBL641358,CHEMBL1900,1
CHEMBL344526,O=C(O)Cc1nn(Cc2cn3ccc(Cl)cc3n2)c(=O)c2ccccc12,IC50,=,37.0,nM,7.43,CHEMBL641358,CHEMBL1900,1
CHEMBL142512,O=C(O)Cc1nn(Cc2nc3cc4ccccc4cc3o2)c(=O)c2ccccc12,IC50,=,3000.0,nM,5.52,CHEMBL641358,CHEMBL1900,1
CHEMBL341864,O=C(O)Cc1nn(Cc2nc(-c3ccccc3Br)no2)c(=O)c2ccccc12,IC50,=,6.5,nM,8.19,CHEMBL641358,CHEMBL1900,1
CHEMBL141013,O=C(O)Cc1nn(C/C(S)=N/c2cc(C(F)(F)F)ccc2Br)c(=O)c2ccccc12,IC50,=,200.0,nM,6.7,CHEMBL641358,CHEMBL1900,1
CHEMBL143211,O=C(O)Cc1nn(Cc2nc3cc(Cl)ccc3o2)c(=O)c2ccccc12,IC50,=,78.0,nM,7.11,CHEMBL641358,CHEMBL1900,1
CHEMBL335376,O=C(O)Cc1nn(Cc2nc(-c3ccc(Br)cc3)no2)c(=O)c2ccccc12,IC50,=,4600.0,nM,5.34,CHEMBL641358,CHEMBL1900,1
CHEMBL342887,O=C(O)Cc1nn(Cc2nc(-c3ccccc3Cl)ns2)c(=O)c2ccccc12,IC50,=,1100.0,nM,5.96,CHEMBL641358,CHEMBL1900,1
CHEMBL143234,O=C(O)Cc1nn(Cc2nc3cc(F)cc(F)c3o2)c(=O)c2ccccc12,IC50,=,3.2,nM,8.49,CHEMBL641358,CHEMBL1900,1
CHEMBL342339,O=C(O)Cc1nn(Cc2cc3ccccc3s2)c(=O)c2ccccc12,IC50,=,120.0,nM,6.92,CHEMBL641358,CHEMBL1900,1
CHEMBL141390,O=C(O)Cc1nn(Cc2nc(-c3ccccc3C(F)(F)F)no2)c(=O)c2ccccc12,IC50,=,220.0,nM,6.66,CHEMBL641358,CHEMBL1900,1
CHEMBL2111988,O=C(O)Cc1nn(Cc2noc(-c3ccccc3Cl)n2)c(=O)c2ccccc12,IC50,=,28.0,nM,7.55,CHEMBL641358,CHEMBL1900,1
CHEMBL143633,O=C(O)Cc1nn(CC(=O)Nc2cccc(Cl)c2)c(=O)c2ccccc12,IC50,=,13.0,nM,7.89,CHEMBL641358,CHEMBL1900,1
CHEMBL358792,O=C(O)Cc1nn(Cc2nc3cc(Br)ccc3o2)c(=O)c2ccccc12,IC50,=,27.0,nM,7.57,CHEMBL641358,CHEMBL1900,1
CHEMBL143903,O=C(O)Cc1nn(Cc2nc3ccc(Br)cc3o2)c(=O)c2ccccc12,IC50,=,540.0,nM,6.27,CHEMBL641358,CHEMBL1900,1
CHEMBL142647,O=C(O)Cc1nn(Cc2cc3cc([N+](=O)[O-])ccc3s2)c(=O)c2ccccc12,IC50,=,2200.0,nM,5.66,CHEMBL641358,CHEMBL1900,1
CHEMBL344057,O=C(O)Cc1nn(CC(=O)Nc2cccc(C(F)(F)F)c2)c(=O)c2ccccc12,IC50,=,19.0,nM,7.72,CHEMBL641358,CHEMBL1900,1
CHEMBL141135,O=C(O)Cc1nn(Cc2cc3cc(Cl)ccc3s2)c(=O)c2ccccc12,IC50,=,250.0,nM,6.6,CHEMBL641358,CHEMBL1900,1
CHEMBL143098,O=C(O)Cc1nn(Cc2nc(-c3cccc(F)c3F)no2)c(=O)c2ccccc12,IC50,=,19.0,nM,7.72,CHEMBL641358,CHEMBL1900,1
CHEMBL357074,O=C(O)Cc1nn(CC(=O)Nc2ccccc2Cl)c(=O)c2ccccc12,IC50,=,430.0,nM,6.37,CHEMBL641358,CHEMBL1900,1
CHEMBL357460,O=C(O)Cc1nn(Cc2cc3cc(F)ccc3s2)c(=O)c2ccccc12,IC50,=,150.0,nM,6.82,CHEMBL641358,CHEMBL1900,1
CHEMBL142934,Cn1c(Cn2nc(CC(=O)O)c3ccccc3c2=O)nc2ccccc21,IC50,=,4200.0,nM,5.38,CHEMBL641358,CHEMBL1900,1
CHEMBL142599,O=C(O)Cc1nn(CC(=O)Nc2cc(C(F)(F)F)ccc2Br)c(=O)c2ccccc12,IC50,=,28.0,nM,7.55,CHEMBL641358,CHEMBL1900,1
CHEMBL142110,O=C(O)Cc1nn(CC(=O)Nc2ccccc2)c(=O)c2ccccc12,IC50,=,4900.0,nM,5.31,CHEMBL641358,CHEMBL1900,1
CHEMBL139898,O=C(O)Cc1nn(Cc2nc3cc(-c4ccccc4)ccc3o2)c(=O)c2ccccc12,IC50,=,6100.0,nM,5.21,CHEMBL641358,CHEMBL1900,1
CHEMBL422824,O=C(O)Cc1nn(Cc2cc3cc(Br)ccc3s2)c(=O)c2ccccc12,IC50,=,1000.0,nM,6.0,CHEMBL641358,CHEMBL1900,1
CHEMBL356545,COc1ccccc1-c1noc(Cn2nc(CC(=O)O)c3ccccc3c2=O)n1,IC50,=,470.0,nM,6.33,CHEMBL641358,CHEMBL1900,1
CHEMBL140012,O=C(O)Cc1nn(C/C(S)=N/c2cccc(Cl)c2)c(=O)c2ccccc12,IC50,=,50.0,nM,7.3,CHEMBL641358,CHEMBL1900,1
CHEMBL143551,O=C(O)Cc1nn(Cc2cc3cc(Cl)ccc3o2)c(=O)c2ccccc12,IC50,=,150.0,nM,6.82,CHEMBL641358,CHEMBL1900,1
CHEMBL143241,O=C(O)Cc1nn(Cc2nc(-c3c(F)cccc3Cl)no2)c(=O)c2ccccc12,IC50,=,240.0,nM,6.62,CHEMBL641358,CHEMBL1900,1
CHEMBL344245,O=C(O)Cc1nn(Cc2nc(-c3ccccc3)c(-c3ccccc3)o2)c(=O)c2ccccc12,IC50,=,4500.0,nM,5.35,CHEMBL641358,CHEMBL1900,1
CHEMBL142704,O=C(O)Cc1nn(CC(=O)Nc2ccccc2C(F)(F)F)c(=O)c2ccccc12,IC50,=,5900.0,nM,5.23,CHEMBL641358,CHEMBL1900,1
CHEMBL142879,O=C(O)Cc1nn(Cc2cc3c(Cl)cccc3s2)c(=O)c2ccccc12,IC50,=,110.0,nM,6.96,CHEMBL641358,CHEMBL1900,1
CHEMBL342524,O=C(O)Cc1nn(CC(=O)Nc2ccc(Cl)cc2)c(=O)c2ccccc12,IC50,=,440.0,nM,6.36,CHEMBL641358,CHEMBL1900,1
CHEMBL140980,O=C(O)Cc1nn(Cc2nc(-c3ccccc3)co2)c(=O)c2ccccc12,IC50,=,3200.0,nM,5.5,CHEMBL641358,CHEMBL1900,1
CHEMBL139666,O=C(O)Cc1nn(CC(=O)Nc2cccc(F)c2)c(=O)c2ccccc12,IC50,=,22.0,nM,7.66,CHEMBL641358,CHEMBL1900,1
CHEMBL140375,O=C(O)Cc1nn(Cc2csnc2-c2ccccc2)c(=O)c2ccccc12,IC50,=,10000.0,nM,5.0,CHEMBL641358,CHEMBL1900,1
CHEMBL357435,O=C(O)Cc1nn(Cc2cc(-c3ccccc3)ns2)c(=O)c2ccccc12,IC50,=,670.0,nM,6.17,CHEMBL641358,CHEMBL1900,1
CHEMBL7603,CCOC(=O)C1=C(O)C(=O)N(Cc2ccc(Br)cc2)C1,IC50,=,500.0,nM,6.3,CHEMBL643099,CHEMBL1900,1
CHEMBL7304,CCOC(=O)C1=C(O)C(=O)N(Cc2ccco2)C1,IC50,=,3300.0,nM,5.48,CHEMBL643099,CHEMBL1900,1
CHEMBL266773,CCOC(=O)C1=C(O)C(=O)N(Cc2ccncc2)C1,IC50,=,200.0,nM,6.7,CHEMBL643099,CHEMBL1900,1
CHEMBL266772,CCOC(=O)C1=C(O)C(=O)N(Cc2ccccc2Cl)C1,IC50,=,2300.0,nM,5.64,CHEMBL643099,CHEMBL1900,1
CHEMBL7461,CCOC(=O)C1=C(O)C(=O)N(CCc2ccccc2)C1,IC50,=,2500.0,nM,5.6,CHEMBL643099,CHEMBL1900,1
CHEMBL7541,COC(=O)C1=C(O)C(=O)N(Cc2ccccc2)C1,IC50,=,2600.0,nM,5.58,CHEMBL643099,CHEMBL1900,1
CHEMBL414208,CCOC(=O)C1=C(O)C(=O)N(Cc2ccc(OC)cc2)C1,IC50,=,410.0,nM,6.39,CHEMBL643099,CHEMBL1900,1
CHEMBL7658,CCOC(=O)C1=C(O)C(=O)N(Cc2cccc3ccccc23)C1,IC50,=,2300.0,nM,5.64,CHEMBL643099,CHEMBL1900,1
CHEMBL269089,CCOC(=O)C1=C(O)C(=O)N([C@H](C)c2ccccc2)C1,IC50,=,840.0,nM,6.08,CHEMBL643099,CHEMBL1900,1
CHEMBL7749,CCCOC(=O)C1=C(O)C(=O)N(Cc2ccccc2)C1,IC50,=,1900.0,nM,5.72,CHEMBL643099,CHEMBL1900,1
CHEMBL6828,CCOC(=O)C1=C(O)C(=O)N(Cc2ccccn2)C1,IC50,=,440.0,nM,6.36,CHEMBL643099,CHEMBL1900,1
CHEMBL7183,CCOC(=O)C1=C(O)C(=O)N(Cc2ccc(Cl)cc2)C1,IC50,=,310.0,nM,6.51,CHEMBL643099,CHEMBL1900,1
CHEMBL7224,CCOC(=O)C1=C(O)C(=O)N(C2c3ccccc3-c3ccccc32)C1,IC50,=,300.0,nM,6.52,CHEMBL643099,CHEMBL1900,1
CHEMBL6944,CCOC(=O)C1=C(O)C(=O)N(Cc2cccs2)C1,IC50,=,380.0,nM,6.42,CHEMBL643099,CHEMBL1900,1
CHEMBL269550,CCOC(=O)C1=C(O)C(=O)N(Cc2ccccc2)C1,IC50,=,260.0,nM,6.58,CHEMBL643099,CHEMBL1900,1
CHEMBL7415,CCOC(=O)C1=C(O)C(=O)N(Cc2ccc(Cl)c(Cl)c2)C1,IC50,=,240.0,nM,6.62,CHEMBL643099,CHEMBL1900,1
CHEMBL267651,CCOC(=O)C1=C(O)C(=O)N([C@@H](C)c2ccccc2)C1,IC50,=,1200.0,nM,5.92,CHEMBL643099,CHEMBL1900,1
CHEMBL148918,Nc1c(Oc2cc(Br)c(Br)c(Br)c2O)cc(Br)c(Br)c1Br,IC50,=,8900.0,nM,5.05,CHEMBL641360,CHEMBL1900,1
CHEMBL357100,Oc1c(Oc2c(O)c(Br)c(Br)c(Br)c2Br)cc(Br)c(Br)c1Br,IC50,=,5500.0,nM,5.26,CHEMBL641360,CHEMBL1900,1
CHEMBL150098,Oc1c(Br)cc(Br)cc1Oc1c(O)c(Br)c(Br)c(Br)c1Br,IC50,=,6400.0,nM,5.19,CHEMBL641359,CHEMBL1900,1
CHEMBL414496,Oc1c(Oc2cc(Br)c(Br)c(Br)c2O)cc(F)c(Br)c1Br,IC50,=,3200.0,nM,5.5,CHEMBL641360,CHEMBL1900,1
CHEMBL150198,Oc1c(Oc2cc(Cl)c(Cl)c(Cl)c2O)cc(Cl)c(Cl)c1Cl,IC50,=,3200.0,nM,5.5,CHEMBL641360,CHEMBL1900,1
CHEMBL148864,Oc1c(Br)cc(Oc2cc(Br)c(Br)c(Br)c2O)c(O)c1Br,IC50,=,4400.0,nM,5.36,CHEMBL641360,CHEMBL1900,1
CHEMBL151952,Oc1c(Oc2cc(Br)c(Br)c(Br)c2O)cc(Br)c(Br)c1Br,IC50,=,5700.0,nM,5.24,CHEMBL641360,CHEMBL1900,1
CHEMBL358713,O=C(O)COc1c(Br)cc(Br)cc1Oc1c(Br)c(Br)c(Br)c(Br)c1CC(=O)O,IC50,=,25000.0,nM,4.6,CHEMBL641360,CHEMBL1900,1
CHEMBL84446,NC(=O)[C@@H]1C[C@]2(NC(=O)NC2=O)c2cc(F)ccc2O1,IC50,=,9.0,nM,8.05,CHEMBL643110,CHEMBL1900,1
CHEMBL168614,O=C(O)c1cn2c(=O)c3ccc(O)cc3nc2cc1,IC50,=,4500.0,nM,5.35,CHEMBL643101,CHEMBL1900,1
CHEMBL82749,CCOC(=O)c1cc(=O)c2ccc(O)cc2o1,IC50,=,5000.0,nM,5.3,CHEMBL884119,CHEMBL1900,1
CHEMBL168453,O=c1c(Cl)c(-c2n[nH]nn2)oc2ccccc12,IC50,=,4100.0,nM,5.39,CHEMBL643101,CHEMBL1900,1
CHEMBL63055,O=C(O)CN1C(=O)c2c3c(cccc3ccc2)C1=O,IC50,=,6500.0,nM,5.19,CHEMBL643101,CHEMBL1900,1
CHEMBL171315,CC1OC(O)C(O)C(O)C1Oc1c(-c2ccc(O)c(O)c2)oc2cc(O)cc(O)c2c1=O,IC50,=,7100.0,nM,5.15,CHEMBL643101,CHEMBL1900,32
CHEMBL166825,O=C(OCc1ccccc1)c1cc(=O)c2ccc(O)cc2o1,IC50,=,3200.0,nM,5.5,CHEMBL884119,CHEMBL1900,1
CHEMBL422920,O=C(O)C1=CC(=O)C2C=CC(O)=CC2O1,IC50,=,1800.0,nM,5.75,CHEMBL643101,CHEMBL1900,4
CHEMBL170853,CCOC(=O)C(=O)Nc1cc([N+](=O)[O-])cc(C(=O)O)c1O,IC50,=,7300.0,nM,5.14,CHEMBL643101,CHEMBL1900,1
CHEMBL170943,CC(C)OC(=O)c1cc(=O)c2ccc(O)cc2o1,IC50,=,4300.0,nM,5.37,CHEMBL884119,CHEMBL1900,1
CHEMBL171055,O=C(O)c1cc(=O)c2ccc(O)cc2o1,IC50,=,1800.0,nM,5.75,CHEMBL643100,CHEMBL1900,1
CHEMBL56337,CC(/C=C1\SC(=S)N(CC(=O)O)C1=O)=C\c1ccccc1,IC50,=,10.0,nM,8.0,CHEMBL645594,CHEMBL1900,1
CHEMBL20441,O=C(O)Cc1nn(Cc2nc3c(O)cccc3s2)c(=O)c2ccccc12,IC50,=,100.0,nM,7.0,CHEMBL641353,CHEMBL1900,1
CHEMBL20581,O=C(O)Cc1nn(Cc2nc3ccc(Cl)cc3s2)c(=O)c2ccccc12,IC50,=,76.0,nM,7.12,CHEMBL641353,CHEMBL1900,1
CHEMBL20885,CC(C)c1ccc2nc(Cn3nc(CC(=O)O)c4ccccc4c3=O)sc2c1,IC50,=,3200.0,nM,5.5,CHEMBL641353,CHEMBL1900,1
CHEMBL281407,O=C(O)Cc1nn(CSc2nc3ccccc3s2)c(=O)c2ccccc12,IC50,=,81.0,nM,7.09,CHEMBL641353,CHEMBL1900,1
CHEMBL283151,CC(c1nc2cc(C(F)(F)F)ccc2s1)n1nc(CC(=O)O)c2ccccc2c1=O,IC50,=,37.0,nM,7.43,CHEMBL641353,CHEMBL1900,2
CHEMBL430911,C[S+]([O-])c1ccc2sc(Cn3nc(CC(=O)O)c4ccccc4c3=O)nc2c1,IC50,=,4300.0,nM,5.37,CHEMBL641353,CHEMBL1900,2
CHEMBL284018,Cc1ccc2c(=O)n(Cc3nc4ccccc4s3)nc(CC(=O)O)c2c1,IC50,=,27.0,nM,7.57,CHEMBL641353,CHEMBL1900,1
CHEMBL20169,O=C(O)Cc1nn(Cc2nc3cc(Br)ccc3s2)c(=O)c2ccccc12,IC50,=,3.1,nM,8.51,CHEMBL641353,CHEMBL1900,1
CHEMBL20253,O=C(O)Cc1nn(Cc2nc3cc(Cl)c(F)cc3s2)c(=O)c2ccccc12,IC50,=,110.0,nM,6.96,CHEMBL641353,CHEMBL1900,1
CHEMBL280361,COc1cc2c(cc1C(F)(F)F)nc(Cn1nc(CC(=O)O)c3ccccc3c1=O)s2,IC50,=,4300.0,nM,5.37,CHEMBL641353,CHEMBL1900,1
CHEMBL20304,Cc1cccc2c1c(=O)n(Cc1nc3c(ccc4ccccc43)s1)nc2CC(=O)O,IC50,=,42.0,nM,7.38,CHEMBL641353,CHEMBL1900,1
CHEMBL282245,CN(C)S(=O)(=O)c1ccc2oc3ccc(C(=O)O)cc3c(=O)c2c1,Ki,=,400.0,nM,6.4,CHEMBL642964,CHEMBL1900,1
CHEMBL19162,COc1cc(OC)c2sc(Cn3nc(CC(=O)O)c4ccccc4c3=O)nc2c1,IC50,=,700.0,nM,6.16,CHEMBL641353,CHEMBL1900,1
CHEMBL277708,O=C(O)Cc1nn(Cc2nc3cc(C(F)(F)F)cc(C(F)(F)F)c3s2)c(=O)c2ccccc12,IC50,=,1400.0,nM,5.85,CHEMBL641353,CHEMBL1900,1
CHEMBL19759,COc1ccc2c(=O)n(Cc3nc4ccccc4s3)nc(CC(=O)O)c2c1,IC50,=,28.0,nM,7.55,CHEMBL641353,CHEMBL1900,1
CHEMBL20365,Cc1ccc2nc(Cn3nc(CC(=O)O)c4ccccc4c3=O)sc2c1F,IC50,=,320.0,nM,6.5,CHEMBL641353,CHEMBL1900,1
CHEMBL278583,O=C(O)Cc1nn(Cc2nc3cc(Cl)cc(C(F)(F)F)c3s2)c(=O)c2ccccc12,IC50,=,620.0,nM,6.21,CHEMBL641353,CHEMBL1900,1
CHEMBL19373,COc1cccc2c1nc(Cn1nc(CC(=O)O)c3ccccc3c1=O)s2,IC50,=,100.0,nM,7.0,CHEMBL641353,CHEMBL1900,1
CHEMBL20115,O=C(O)Cc1nn(Cc2nc3cc(F)cc(C(F)(F)F)c3s2)c(=O)c2ccccc12,IC50,=,100.0,nM,7.0,CHEMBL641353,CHEMBL1900,1
CHEMBL282017,CC(c1nc2ccccc2s1)n1nc(CC(=O)O)c2ccccc2c1=O,IC50,=,43.0,nM,7.37,CHEMBL641353,CHEMBL1900,2
CHEMBL20637,O=C(O)Cc1nn(Cc2nc3cc(F)cc(F)c3s2)c(=O)c2ccccc12,IC50,=,6.3,nM,8.2,CHEMBL641353,CHEMBL1900,1
CHEMBL2079662,O=C(O)Cc1nn(Cc2nc3c(ccc4ccccc43)s2)c(=O)c2ccc(Cl)cc12,IC50,=,350.0,nM,6.46,CHEMBL641353,CHEMBL1900,1
CHEMBL418008,Cc1ccc2nc(Cn3nc(CC(=O)O)c4ccccc4c3=O)sc2c1,IC50,=,320.0,nM,6.5,CHEMBL641353,CHEMBL1900,1
CHEMBL282689,O=C(O)Cc1nn(Cc2nc3c(F)ccc(F)c3s2)c(=O)c2ccccc12,IC50,=,5.0,nM,8.3,CHEMBL641353,CHEMBL1900,1
CHEMBL20116,O=C(O)Cc1nn(Cc2nc3ccccc3s2)c(=O)c2cc([N+](=O)[O-])ccc12,IC50,=,33.0,nM,7.48,CHEMBL641353,CHEMBL1900,1
CHEMBL283364,O=C(O)Cc1nn(Cc2nc3c(Cl)c(Cl)ccc3s2)c(=O)c2ccccc12,IC50,=,100.0,nM,7.0,CHEMBL641353,CHEMBL1900,1
CHEMBL20925,O=C(O)Cc1nn(Cc2nc3cc(Cl)c(Cl)cc3s2)c(=O)c2ccccc12,IC50,=,420.0,nM,6.38,CHEMBL641353,CHEMBL1900,1
CHEMBL20161,Cc1cc(C)c2sc(Cn3nc(CC(=O)O)c4ccccc4c3=O)nc2c1,IC50,=,5.9,nM,8.23,CHEMBL641353,CHEMBL1900,1
CHEMBL277935,O=C(O)Cc1nn(Cc2cccc(-c3nc4ccccc4s3)c2)c(=O)c2ccccc12,IC50,=,5700.0,nM,5.24,CHEMBL641353,CHEMBL1900,1
CHEMBL281620,O=C1NC(=O)C2(CN(Cc3ccc(F)cc3)c3ccc(F)cc32)N1,IC50,=,140.0,nM,6.85,CHEMBL641353,CHEMBL1900,2
CHEMBL19701,O=C(O)Cc1nn(Cc2nc3cc(C(F)(F)F)cc(F)c3s2)c(=O)c2ccccc12,IC50,=,17.0,nM,7.77,CHEMBL641353,CHEMBL1900,1
CHEMBL19893,O=C(O)Cc1nn(Cc2nc3cc(C(F)(F)F)cc(Cl)c3s2)c(=O)c2ccccc12,IC50,=,94.0,nM,7.03,CHEMBL641353,CHEMBL1900,1
CHEMBL431108,COc1cc(C(F)(F)F)c2sc(Cn3nc(CC(=O)O)c4ccccc4c3=O)nc2c1,IC50,=,660.0,nM,6.18,CHEMBL641353,CHEMBL1900,1
CHEMBL20380,COc1cc2c(cc1F)sc(Cn1nc(CC(=O)O)c3ccccc3c1=O)n2,IC50,=,2300.0,nM,5.64,CHEMBL641353,CHEMBL1900,1
CHEMBL279673,O=C(O)Cc1nn(Cc2nc3ccc(Br)cc3s2)c(=O)c2cc(Cl)c(Cl)cc12,IC50,=,1800.0,nM,5.75,CHEMBL641353,CHEMBL1900,1
CHEMBL20015,O=C(O)Cc1nn(Cc2nc3c(Cl)cccc3s2)c(=O)c2ccccc12,IC50,=,3.5,nM,8.46,CHEMBL641353,CHEMBL1900,1
CHEMBL20220,O=C(O)Cc1nn(Cc2nc3cccc(C(F)(F)F)c3s2)c(=O)c2ccccc12,IC50,=,10.0,nM,8.0,CHEMBL641353,CHEMBL1900,1
CHEMBL20884,O=C(O)Cc1nn(Cc2nc3cc(C(F)(F)F)c(O)cc3s2)c(=O)c2ccccc12,IC50,=,120.0,nM,6.92,CHEMBL641353,CHEMBL1900,1
CHEMBL416001,O=C(O)Cc1nn(Cc2nc3cc(F)cc(Cl)c3s2)c(=O)c2ccccc12,IC50,=,6.2,nM,8.21,CHEMBL641353,CHEMBL1900,1
CHEMBL280168,O=C(O)Cc1nn(Cc2nc3c(C(F)(F)F)cccc3s2)c(=O)c2ccccc12,IC50,=,25.0,nM,7.6,CHEMBL641353,CHEMBL1900,1
CHEMBL20199,CS(=O)(=O)c1ccc2sc(Cn3nc(CC(=O)O)c4ccccc4c3=O)nc2c1,IC50,=,1700.0,nM,5.77,CHEMBL641353,CHEMBL1900,1
CHEMBL19906,COc1ccc2c(CC(=O)O)nn(Cc3nc4ccccc4s3)c(=O)c2c1,IC50,=,26.0,nM,7.58,CHEMBL641353,CHEMBL1900,1
CHEMBL283996,O=C(O)Cc1nn(Cc2nc3cc(F)ccc3s2)c(=O)c2ccccc12,IC50,=,6.9,nM,8.16,CHEMBL641353,CHEMBL1900,1
CHEMBL20024,O=C(O)Cc1nn(Cc2nc3c(F)cccc3s2)c(=O)c2ccccc12,IC50,=,2.0,nM,8.7,CHEMBL641353,CHEMBL1900,1
CHEMBL422927,O=C(O)Cc1nn(Cc2nc3c(F)c(F)ccc3s2)c(=O)c2ccccc12,IC50,=,10.0,nM,8.0,CHEMBL641353,CHEMBL1900,1
CHEMBL418007,CSc1ccc2sc(Cn3nc(CC(=O)O)c4ccccc4c3=O)nc2c1,IC50,=,60.0,nM,7.22,CHEMBL641353,CHEMBL1900,1
CHEMBL20575,O=C(O)Cc1nn(Cc2nc3c(Cl)cc(Cl)cc3s2)c(=O)c2ccccc12,IC50,=,170.0,nM,6.77,CHEMBL641353,CHEMBL1900,1
CHEMBL278991,O=C(O)Cc1nn(Cc2nc3cc(Cl)cc(Cl)c3s2)c(=O)c2ccccc12,IC50,=,4.0,nM,8.4,CHEMBL641353,CHEMBL1900,1
CHEMBL20693,O=C(O)Cc1nn(Cc2nc3ccccc3s2)c(=O)c2cc(C(F)(F)F)ccc12,IC50,=,12.0,nM,7.92,CHEMBL641353,CHEMBL1900,1
CHEMBL20197,O=C(O)Cc1nn(Cc2nc3cc(Cl)ccc3s2)c(=O)c2ccccc12,IC50,=,7.1,nM,8.15,CHEMBL641353,CHEMBL1900,1
CHEMBL417643,O=C(O)Cc1nn(Cc2nc3cc(O)ccc3s2)c(=O)c2ccccc12,IC50,=,41.0,nM,7.39,CHEMBL641353,CHEMBL1900,1
CHEMBL278832,O=C(O)Cc1nn(Cc2nc3ccc(O)cc3s2)c(=O)c2ccccc12,IC50,=,1000.0,nM,6.0,CHEMBL641353,CHEMBL1900,1
CHEMBL19289,O=C(O)Cc1nn(Cc2nc3cccnc3s2)c(=O)c2ccccc12,IC50,=,10.0,nM,8.0,CHEMBL641353,CHEMBL1900,1
CHEMBL20685,O=C1NC(=O)C2(CN(Cc3nc4ccccc4s3)c3ccc(Cl)cc32)N1,IC50,=,37.0,nM,7.43,CHEMBL641353,CHEMBL1900,2
CHEMBL20740,O=C(O)Cc1nn(Cc2nc3ccc(C(F)(F)F)cc3s2)c(=O)c2ccccc12,IC50,=,70.0,nM,7.16,CHEMBL641353,CHEMBL1900,1
CHEMBL282263,O=C(O)Cc1nn(Cc2nc3c(Cl)ccc(Cl)c3s2)c(=O)c2ccccc12,IC50,=,20.0,nM,7.7,CHEMBL641353,CHEMBL1900,1
CHEMBL283787,O=C(O)Cc1nn(Cc2nc3ccccc3s2)c(=O)c2ccc(C(F)(F)F)cc12,IC50,=,18.0,nM,7.75,CHEMBL641353,CHEMBL1900,1
CHEMBL21101,O=C(O)Cc1nn(CCc2nc3cc(C(F)(F)F)ccc3s2)c(=O)c2ccccc12,IC50,=,460.0,nM,6.34,CHEMBL641353,CHEMBL1900,1
CHEMBL20756,O=C(O)Cc1nn(Cc2nc3c(ccc4ccccc43)s2)c(=O)c2ccccc12,IC50,=,510.0,nM,6.29,CHEMBL641353,CHEMBL1900,1
CHEMBL20796,O=C(O)Cc1nn(Cc2nc3ccccc3s2)c(=O)c2cc(Cl)ccc12,IC50,=,15.0,nM,7.82,CHEMBL641353,CHEMBL1900,1
CHEMBL20005,O=C(O)Cc1nn(Cc2nc3ccccc3s2)c(=O)c2ccc(Cl)cc12,IC50,=,34.0,nM,7.47,CHEMBL641353,CHEMBL1900,1
CHEMBL19838,Cc1cccc2c1c(=O)n(Cc1nc3ccccc3s1)nc2CC(=O)O,IC50,=,420.0,nM,6.38,CHEMBL641353,CHEMBL1900,1
CHEMBL21136,O=C(O)Cc1nn(Cc2nc3cc(O)cc(O)c3s2)c(=O)c2ccccc12,IC50,=,87.0,nM,7.06,CHEMBL641353,CHEMBL1900,1
CHEMBL283984,COc1ccc2nc(Cn3nc(CC(=O)O)c4ccccc4c3=O)sc2c1,IC50,=,4200.0,nM,5.38,CHEMBL641353,CHEMBL1900,1
CHEMBL19873,COc1ccc2sc(Cn3nc(CC(=O)O)c4ccccc4c3=O)nc2c1,IC50,=,230.0,nM,6.64,CHEMBL641353,CHEMBL1900,1
CHEMBL21038,O=C(O)Cc1nn(Cc2nc3cccc(Br)c3s2)c(=O)c2ccccc12,IC50,=,15.0,nM,7.82,CHEMBL641353,CHEMBL1900,1
CHEMBL20306,O=C(O)Cc1nn(Cc2nc3cc(F)c(F)cc3s2)c(=O)c2ccccc12,IC50,=,68.0,nM,7.17,CHEMBL641353,CHEMBL1900,1
CHEMBL20440,O=C(O)Cc1nn(Cc2nc3ccccc3s2)c(=O)c2c(F)cccc12,IC50,=,30.0,nM,7.52,CHEMBL641353,CHEMBL1900,1
CHEMBL19966,Cc1ccc2sc(Cn3nc(CC(=O)O)c4ccccc4c3=O)nc2c1,IC50,=,26.0,nM,7.58,CHEMBL641353,CHEMBL1900,1
CHEMBL20004,O=C(O)Cc1nn(Cc2nc3ccc(Br)cc3s2)c(=O)c2ccccc12,IC50,=,26.0,nM,7.58,CHEMBL641353,CHEMBL1900,1
CHEMBL416370,O=C(O)Cc1nn(Cc2nc3ccccc3s2)c(=O)c2ccc(Br)cc12,IC50,=,12.0,nM,7.92,CHEMBL641353,CHEMBL1900,1
CHEMBL278522,O=C(O)Cc1nn(Cc2nc3ccccc3s2)c(=O)c2ccc([N+](=O)[O-])cc12,IC50,=,46.0,nM,7.34,CHEMBL641353,CHEMBL1900,1
CHEMBL282435,CC(C)c1ccc2c(CC(=O)O)nn(Cc3nc4ccccc4s3)c(=O)c2c1,IC50,=,110.0,nM,6.96,CHEMBL641353,CHEMBL1900,1
CHEMBL19958,O=C(O)Cc1nn(Cc2nc3ccccc3s2)c(=O)c2cc(Cl)c(Cl)cc12,IC50,=,10.0,nM,8.0,CHEMBL641353,CHEMBL1900,1
CHEMBL20009,CC(c1nc2cc(Cl)ccc2s1)n1nc(CC(=O)O)c2ccccc2c1=O,IC50,=,26.0,nM,7.58,CHEMBL641353,CHEMBL1900,2
CHEMBL20207,O=C(O)Cc1nn(Cc2nc3cccc(Cl)c3s2)c(=O)c2ccccc12,IC50,=,1.0,nM,9.0,CHEMBL641353,CHEMBL1900,1
CHEMBL20518,O=C(O)Cc1nn(Cc2nc3cc(Cl)cc(F)c3s2)c(=O)c2ccccc12,IC50,=,5.0,nM,8.3,CHEMBL641353,CHEMBL1900,1
CHEMBL279666,O=C(O)Cc1nn(Cc2nc3ccccc3s2)c(=O)c2cc(Br)ccc12,IC50,=,690.0,nM,6.16,CHEMBL641353,CHEMBL1900,1
CHEMBL277928,CC(C)c1ccc2c(=O)n(Cc3nc4ccccc4s3)nc(CC(=O)O)c2c1,IC50,=,110.0,nM,6.96,CHEMBL641353,CHEMBL1900,1
CHEMBL262701,CN1C(C(=O)Nc2nc3ccccc3s2)=C(O)c2ccccc2S1(=O)=O,IC50,=,5500.0,nM,5.26,CHEMBL641353,CHEMBL1900,1
CHEMBL109986,COc1c(OC)c(C=O)c2c(OC)c(-c3c(C)cc4c(C(C)C)c(OC)c(OC)c(C=O)c4c3OC)c(C)cc2c1C(C)C,Ki,=,56000.0,nM,4.25,CHEMBL643119,CHEMBL1900,1
CHEMBL323390,Cc1cc2c(C(C)C)c(O)c(O)c(C#N)c2c(OC(=O)C(C)(C)C)c1-c1c(C)cc2c(C(C)C)c(O)c(O)c(C#N)c2c1OC(=O)C(C)(C)C,Ki,=,2500.0,nM,5.6,CHEMBL643119,CHEMBL1900,1
CHEMBL112743,COc1c(O)c(C=O)c2c(O)c(-c3c(C)cc4c(C(C)C)c(OC)c(O)c(C=O)c4c3O)c(C)cc2c1C(C)C,Ki,=,1500.0,nM,5.82,CHEMBL643119,CHEMBL1900,1
CHEMBL109497,COc1c(-c2c(C)cc3c(C(C)C)c(O)c(O)c(CO)c3c2OC)c(C)cc2c(C(C)C)c(O)c(O)c(CO)c12,Ki,=,4300.0,nM,5.37,CHEMBL643119,CHEMBL1900,1
CHEMBL114289,COc1c(-c2c(C)cc3c(C(C)C)c(O)c(O)c(C=O)c3c2OC)c(C)cc2c(C(C)C)c(O)c(O)c(C=O)c12,Ki,=,310.0,nM,6.51,CHEMBL821473,CHEMBL1900,1
CHEMBL113834,COc1c(OC)c2c3c(c(-c4c(C)cc5c(C(C)C)c(OC)c(OC)c6C(=O)Oc4c65)c(C)cc3c1C(C)C)OC2=O,Ki,=,48000.0,nM,4.32,CHEMBL821473,CHEMBL1900,1
CHEMBL326383,CCCCCC(=O)Oc1c(-c2c(C)cc3c(C(C)C)c(O)c(O)c(C#N)c3c2OC(=O)CCCCC)c(C)cc2c(C(C)C)c(O)c(O)c(C#N)c12,Ki,=,3100.0,nM,5.51,CHEMBL821473,CHEMBL1900,1
CHEMBL424250,Cc1cc2c(C(C)C)c(O)c(O)c3c2c(c1-c1c(C)cc2c(C(C)C)c(O)c(O)c4C(=N)Oc1c42)OC3=N,Ki,=,9300.0,nM,5.03,CHEMBL643119,CHEMBL1900,1
CHEMBL110849,COc1c(-c2c(C)cc3c(C(C)C)c(O)c(O)c(C#N)c3c2OC)c(C)cc2c(C(C)C)c(O)c(O)c(C#N)c12,Ki,=,2800.0,nM,5.55,CHEMBL643119,CHEMBL1900,1
CHEMBL52792,CCCC(=O)Oc1c(-c2c(C)cc3c(C(C)C)c(O)c(O)c(C#N)c3c2OC(=O)CCC)c(C)cc2c(C(C)C)c(O)c(O)c(C#N)c12,Ki,=,5300.0,nM,5.28,CHEMBL821473,CHEMBL1900,1
CHEMBL3349372,Cc1cc2c(C(C)C)c(O)c(O)c(/C=N/O)c2c(O)c1-c1c(C)cc2c(C(C)C)c(O)c(O)c(/C=N/O)c2c1O,Ki,=,7800.0,nM,5.11,CHEMBL643119,CHEMBL1900,1
CHEMBL325738,COc1c(OC)c(C=O)c2c(O)c(-c3c(C)cc4c(C(C)C)c(OC)c(OC)c(C=O)c4c3O)c(C)cc2c1C(C)C,Ki,=,9700.0,nM,5.01,CHEMBL643119,CHEMBL1900,1
CHEMBL297483,CCC(=O)Oc1c(-c2c(C)cc3c(C(C)C)c(O)c(O)c(C#N)c3c2OC(=O)CC)c(C)cc2c(C(C)C)c(O)c(O)c(C#N)c12,Ki,=,6800.0,nM,5.17,CHEMBL821473,CHEMBL1900,1
CHEMBL52639,CCCCC(=O)Oc1c(-c2c(C)cc3c(C(C)C)c(O)c(O)c(C#N)c3c2OC(=O)CCCC)c(C)cc2c(C(C)C)c(O)c(O)c(C#N)c12,Ki,=,4700.0,nM,5.33,CHEMBL821473,CHEMBL1900,1
CHEMBL51778,CC(=O)Oc1c(-c2c(C)cc3c(C(C)C)c(O)c(O)c(C#N)c3c2OC(C)=O)c(C)cc2c(C(C)C)c(O)c(O)c(C#N)c12,Ki,=,7300.0,nM,5.14,CHEMBL821473,CHEMBL1900,1
CHEMBL324976,C/C=C/C(=O)Oc1c(-c2c(C)cc3c(C(C)C)c(O)c(O)c(C#N)c3c2OC(=O)/C=C/C)c(C)cc2c(C(C)C)c(O)c(O)c(C#N)c12,Ki,=,1300.0,nM,5.89,CHEMBL643119,CHEMBL1900,1
CHEMBL51483,Cc1cc2c(C(C)C)c(O)c(O)c(C=O)c2c(O)c1-c1c(C)cc2c(C(C)C)c(O)c(O)c(C=O)c2c1O,Ki,=,500.0,nM,6.3,CHEMBL643119,CHEMBL1900,1
CHEMBL110030,Cc1cc2c(C(C)C)c(O)c(O)c3c2c(c1-c1c(C)cc2c(C(C)C)c(O)c(O)c4C(=O)Oc1c42)OC3=O,Ki,=,150.0,nM,6.82,CHEMBL821473,CHEMBL1900,1
CHEMBL75244,O=C(O)Cc1ccc2C(=O)c3ccc(O)cc3CCc2c1,IC50,=,100000.0,nM,4.0,CHEMBL642955,CHEMBL1900,1
CHEMBL538917,O=C(O)Cc1ccc2C(=O)c3cc(O)ccc3CCc2c1,IC50,=,830.0,nM,6.08,CHEMBL642955,CHEMBL1900,1
CHEMBL312109,O=C(O)Cc1ccc2C(=O)c3ccccc3COc2c1,IC50,=,330.0,nM,6.48,CHEMBL642955,CHEMBL1900,1
CHEMBL306710,CC(C(=O)O)c1ccc2c(=O)c3ccccc3ccc2c1,IC50,=,3100.0,nM,5.51,CHEMBL642955,CHEMBL1900,2
CHEMBL74436,O=C(O)Cc1ccc2C(=O)c3ccccc3CCc2c1O,IC50,=,5000.0,nM,5.3,CHEMBL642955,CHEMBL1900,1
CHEMBL77283,O=C(O)Cc1cc(O)c2c(=O)c3ccccc3ccc2c1,IC50,=,760.0,nM,6.12,CHEMBL642955,CHEMBL1900,1
CHEMBL75630,CC(C(=O)O)c1cc(O)c2c(=O)c3ccccc3ccc2c1,IC50,=,2700.0,nM,5.57,CHEMBL642955,CHEMBL1900,2
CHEMBL75245,O=C(O)Cc1ccc2C(=O)c3ccccc3CSc2c1,IC50,=,700.0,nM,6.16,CHEMBL642955,CHEMBL1900,1
CHEMBL77601,O=C(O)Cc1ccc2c(=O)c3ccccc3ccc2c1,IC50,=,1000.0,nM,6.0,CHEMBL642955,CHEMBL1900,1
CHEMBL311679,O=C1Cc2ccc3C(=O)c4ccccc4CCc3c2O1,IC50,=,770.0,nM,6.11,CHEMBL642955,CHEMBL1900,1
CHEMBL23588,O=C(O)c1ccccc1Nc1cccc(C(F)(F)F)c1,IC50,=,100000.0,nM,4.0,CHEMBL642955,CHEMBL1900,1
CHEMBL6,COc1ccc2c(c1)c(CC(=O)O)c(C)n2C(=O)c1ccc(Cl)cc1,IC50,=,6000.0,nM,5.22,CHEMBL642955,CHEMBL1900,1
CHEMBL77692,CC(C(=O)O)c1cc(O)c2C(=O)c3ccccc3CCc2c1,IC50,=,210.0,nM,6.68,CHEMBL642955,CHEMBL1900,2
CHEMBL304945,C[C@@H]1C[C@@](O)(CC(=O)O)c2cc(Br)ccc2O1,IC50,=,1670.0,nM,5.78,CHEMBL643098,CHEMBL1900,1
CHEMBL304302,C[C@@H]1C[C@@](O)(CC(=O)O)c2cc(Cl)c(Br)cc2O1,IC50,=,70.0,nM,7.16,CHEMBL643098,CHEMBL1900,1
CHEMBL68091,CC(C)[C@@H]1C[C@@](O)(CC(=O)O)c2cc(F)ccc2O1,IC50,=,570.0,nM,6.24,CHEMBL643098,CHEMBL1900,1
CHEMBL304797,O=C(O)C[C@]1(O)C[C@@H](c2ccccc2)Oc2ccc(F)cc21,IC50,=,2670.0,nM,5.57,CHEMBL643098,CHEMBL1900,1
CHEMBL308882,C[C@@H]1C[C@@](O)(CC(=O)O)C2=C(C=CCC2(C)[N+](=O)[O-])O1,IC50,=,1630.0,nM,5.79,CHEMBL643098,CHEMBL1900,2
CHEMBL69689,Cc1cc2c(cc1Cl)[C@](O)(CC(=O)O)C[C@@H](C)O2,IC50,=,240.0,nM,6.62,CHEMBL643098,CHEMBL1900,1
CHEMBL302014,C[C@@H]1COc2ccc(F)cc2[C@]1(O)CC(=O)O,IC50,=,11000.0,nM,4.96,CHEMBL643098,CHEMBL1900,1
CHEMBL306687,O=C(O)C[C@]1(O)C[C@@H](CCc2ccccc2)Oc2ccc(F)cc21,IC50,=,1140.0,nM,5.94,CHEMBL643098,CHEMBL1900,1
CHEMBL303474,C[C@@H]1C[C@@](O)(CC(=O)O)c2cc([N+](=O)[O-])c(Cl)cc2O1,IC50,=,110.0,nM,6.96,CHEMBL643098,CHEMBL1900,1
CHEMBL68992,COc1cc2c(cc1Cl)[C@](O)(CC(=O)O)C[C@@H](C)O2,IC50,=,190.0,nM,6.72,CHEMBL643098,CHEMBL1900,1
CHEMBL67264,CC1(C)C[C@@](O)(CC(=O)O)c2cc([N+](=O)[O-])ccc2O1,IC50,=,400.0,nM,6.4,CHEMBL643098,CHEMBL1900,1
CHEMBL67751,O=C(O)C[C@@]1(O)c2cc(F)ccc2O[C@@H]2CCC[C@@H]21,IC50,=,1920.0,nM,5.72,CHEMBL643098,CHEMBL1900,1
CHEMBL70014,C[C@@H]1C[C@@](O)(CC(=O)O)c2cc(Cl)c(Cl)cc2O1,IC50,=,5620.0,nM,5.25,CHEMBL641351,CHEMBL1900,1
CHEMBL307121,C[C@@H]1C[C@@](O)(CC(=O)O)c2cc(Cl)c(F)cc2O1,IC50,=,390.0,nM,6.41,CHEMBL643098,CHEMBL1900,1
CHEMBL71820,C[C@@H]1C[C@@](O)(CC(=O)O)c2cc(F)c(F)cc2O1,IC50,=,250.0,nM,6.6,CHEMBL643098,CHEMBL1900,1
CHEMBL304798,CC(C)(C)[C@@H]1C[C@@](O)(CC(=O)O)c2cc(F)ccc2O1,IC50,=,360.0,nM,6.44,CHEMBL643098,CHEMBL1900,1
CHEMBL303218,C[C@@H]1C[C@@](O)(CC(=O)O)c2cc(F)c(Cl)cc2O1,IC50,=,45.5,nM,7.34,CHEMBL641351,CHEMBL1900,1
CHEMBL304782,C[C@@H]1C[C@@](O)(CC(=O)O)c2cccc(Cl)c2O1,IC50,=,5700.0,nM,5.24,CHEMBL643098,CHEMBL1900,1
CHEMBL69818,C[C@H]1Oc2ccc(F)cc2[C@](O)(CC(=O)O)[C@@H]1C,IC50,=,29400.0,nM,4.53,CHEMBL643098,CHEMBL1900,1
CHEMBL70116,C[C@@H]1C[C@@](O)(CC(=O)O)c2cc(S(C)(=O)=O)ccc2O1,IC50,=,8220.0,nM,5.08,CHEMBL643098,CHEMBL1900,1
CHEMBL306429,C[C@@H]1C[C@@](O)(CC(=O)O)c2c(Cl)cccc2O1,IC50,=,43500.0,nM,4.36,CHEMBL643098,CHEMBL1900,1
CHEMBL68635,O=C(O)C[C@]1(O)CCOc2ccc(F)cc21,IC50,=,600.0,nM,6.22,CHEMBL643098,CHEMBL1900,1
CHEMBL71594,C[C@@H]1C[C@@](O)(CC(=O)O)c2c(Cl)ccc(Cl)c2O1,IC50,=,13100.0,nM,4.88,CHEMBL643098,CHEMBL1900,1
CHEMBL302055,O=C(O)C[C@@]1(O)c2cc(F)ccc2O[C@@H]2CCCC[C@@H]21,IC50,=,11000.0,nM,4.96,CHEMBL643098,CHEMBL1900,1
CHEMBL69280,Cc1ccc2O[C@H](C)C[C@@](O)(CC(=O)O)c2c1,IC50,=,11300.0,nM,4.95,CHEMBL643098,CHEMBL1900,1
CHEMBL305985,CCc1cc2c(cc1Cl)[C@](O)(CC(=O)O)C[C@@H](C)O2,IC50,=,100.0,nM,7.0,CHEMBL643098,CHEMBL1900,1
CHEMBL69938,C[C@@H]1C[C@@](O)(CC(=O)O)c2cc(Cl)c(OCc3ccccc3)cc2O1,IC50,=,60.0,nM,7.22,CHEMBL643098,CHEMBL1900,1
CHEMBL71701,C[C@@H]1C[C@@](O)(CC(=O)O)c2cc(F)ccc2O1,IC50,=,200.0,nM,6.7,CHEMBL643098,CHEMBL1900,1
CHEMBL69708,C[C@@H]1C[C@@](O)(CC(=O)O)c2cc(Cl)ccc2O1,IC50,=,820.0,nM,6.09,CHEMBL643098,CHEMBL1900,1
CHEMBL66326,Cc1cc(Cl)cc2c1O[C@H](C)C[C@@]2(O)CC(=O)O,IC50,=,1180.0,nM,5.93,CHEMBL643098,CHEMBL1900,1
CHEMBL69675,C[C@@H]1C[C@@](O)(CC(=O)O)c2cc(Br)cc(Cl)c2O1,IC50,=,5160.0,nM,5.29,CHEMBL643098,CHEMBL1900,1
CHEMBL67806,CC1(C)C[C@@](O)(CC(=O)O)c2cc(F)ccc2O1,IC50,=,3460.0,nM,5.46,CHEMBL643098,CHEMBL1900,1
CHEMBL69277,C[C@@H]1C[C@@](O)(CC(=O)O)c2ccccc2O1,IC50,=,14800.0,nM,4.83,CHEMBL643098,CHEMBL1900,1
CHEMBL307305,C[C@@H]1C[C@@](O)(CC(=O)O)c2c(Cl)cc(Cl)cc2O1,IC50,=,29400.0,nM,4.53,CHEMBL643098,CHEMBL1900,1
CHEMBL302804,Cc1cc2c(cc1[N+](=O)[O-])[C@](O)(CC(=O)O)C[C@@H](C)O2,IC50,=,90.0,nM,7.05,CHEMBL643098,CHEMBL1900,1
CHEMBL69546,C[C@@H]1C[C@@](O)(CC(=O)O)c2cc([N+](=O)[O-])ccc2O1,IC50,=,80.0,nM,7.1,CHEMBL643098,CHEMBL1900,1
CHEMBL420550,C[C@@H]1C[C@@](O)(CC(=O)O)c2c(ccc(F)c2Br)O1,IC50,=,4500.0,nM,5.35,CHEMBL643098,CHEMBL1900,1
CHEMBL69870,C[C@@H]1C[C@@](O)(CC(=O)O)c2c(ccc(Cl)c2Cl)O1,IC50,=,1630.0,nM,5.79,CHEMBL643098,CHEMBL1900,1
CHEMBL303731,C[C@@H]1C[C@@](O)(CC(=O)O)c2ccc(F)cc2O1,IC50,=,5420.0,nM,5.27,CHEMBL643098,CHEMBL1900,1
CHEMBL308920,O=C(O)C[C@]1(O)C[C@@H](C(=O)c2ccc(Cl)c(Cl)c2)Oc2ccc(F)cc21,IC50,=,7650.0,nM,5.12,CHEMBL643098,CHEMBL1900,1
CHEMBL69646,CC(=O)c1ccc2O[C@H](C)C[C@@](O)(CC(=O)O)c2c1,IC50,=,650.0,nM,6.19,CHEMBL643098,CHEMBL1900,1
CHEMBL65967,C[C@@H]1C[C@@](O)(CC(=O)O)c2ccc(Cl)c(Cl)c2O1,IC50,=,780.0,nM,6.11,CHEMBL643098,CHEMBL1900,1
CHEMBL71562,CCC[C@@H]1C[C@@](O)(CC(=O)O)c2cc(F)ccc2O1,IC50,=,970.0,nM,6.01,CHEMBL643098,CHEMBL1900,1
CHEMBL306591,CC[C@@H]1C[C@@](O)(CC(=O)O)c2cc(F)ccc2O1,IC50,=,620.0,nM,6.21,CHEMBL643098,CHEMBL1900,1
CHEMBL305986,C[C@@H]1C[C@@](O)(CC(=O)O)c2ccc(Cl)cc2O1,IC50,=,3320.0,nM,5.48,CHEMBL643098,CHEMBL1900,1
CHEMBL69769,C[C@@H]1C[C@@](O)(CC(=O)O)c2cc([N+](=O)[O-])c(F)cc2O1,IC50,=,70.0,nM,7.16,CHEMBL643098,CHEMBL1900,1
CHEMBL69586,C[C@H]1[C@@H](C)Oc2ccc(F)cc2[C@]1(O)CC(=O)O,IC50,=,910.0,nM,6.04,CHEMBL643098,CHEMBL1900,1
CHEMBL303952,C[C@@H]1C[C@@](O)(CC(=O)O)c2cc(Cl)cc(Cl)c2O1,IC50,=,1000.0,nM,6.0,CHEMBL643098,CHEMBL1900,1
CHEMBL441254,C[C@@H]1C[C@@](O)(CC(=O)O)c2cc(C#N)c(F)cc2O1,IC50,=,130.0,nM,6.89,CHEMBL643098,CHEMBL1900,1
CHEMBL421111,C[C@@H]1C[C@@](O)(CC(=O)O)c2cc(Cl)c3ccccc3c2O1,IC50,=,400.0,nM,6.4,CHEMBL643098,CHEMBL1900,1
CHEMBL414676,CC1(C)C[C@@](O)(CC(=O)O)c2cc(Cl)c(Cl)cc2O1,IC50,=,1860.0,nM,5.73,CHEMBL643098,CHEMBL1900,1
CHEMBL73395,CC1(C)C[C@@](O)(CC(=O)O)c2c(ccc(Cl)c2Cl)O1,IC50,=,14800.0,nM,4.83,CHEMBL643098,CHEMBL1900,1
CHEMBL68624,C[C@@H]1C[C@@](O)(CC(=O)O)c2c(ccc(Cl)c2[N+](=O)[O-])O1,IC50,=,95500.0,nM,4.02,CHEMBL643098,CHEMBL1900,1
CHEMBL1744091,O=C(O)C[C@]1(O)C[C@@H](C(=O)c2ccccc2)Oc2ccc(F)cc21,IC50,=,1390.0,nM,5.86,CHEMBL643098,CHEMBL1900,1
CHEMBL70190,C[C@@H]1C[C@@](O)(CC(=O)O)c2ccc(C(=O)O)cc2O1,IC50,=,70.0,nM,7.16,CHEMBL643098,CHEMBL1900,1
CHEMBL68963,C[C@@H]1C[C@@](O)(CC(=O)O)c2cc(F)c(Br)cc2O1,IC50,=,90.0,nM,7.05,CHEMBL643098,CHEMBL1900,1
CHEMBL84060,NC(=O)[C@H]1C[C@]2(NC(=O)NC2=O)c2cc(F)ccc2O1,IC50,=,570.0,nM,6.24,CHEMBL829140,CHEMBL1900,1
CHEMBL189464,NC(=O)[C@@H]1C[C@@]2(NC(=O)NC2=O)c2cc(F)ccc2O1,IC50,=,11000.0,nM,4.96,CHEMBL829140,CHEMBL1900,1
CHEMBL363040,NC(=O)[C@H]1C[C@@]2(NC(=O)NC2=O)c2cc(F)ccc2O1,IC50,=,40000.0,nM,4.4,CHEMBL829140,CHEMBL1900,1
CHEMBL410917,O=C(O)Cn1cc(Cc2nc3cc(C(F)(F)F)ccc3s2)c2ccccc21,IC50,=,99.0,nM,7.0,CHEMBL832655,CHEMBL1900,1
CHEMBL192453,Cc1ccc2c(c1)c(Cc1nc3cc(C(F)(F)F)ccc3s1)cn2CC(=O)O,IC50,=,100.0,nM,7.0,CHEMBL832655,CHEMBL1900,1
CHEMBL371122,O=C(O)Cn1cc(Cc2nc3cc(C(F)(F)F)ccc3s2)c2cc(Cl)ccc21,IC50,=,130.0,nM,6.89,CHEMBL832655,CHEMBL1900,1
CHEMBL191570,O=C(O)Cn1cc(Cc2nc3cc(C(F)(F)F)ccc3s2)c2ccc(Br)cc21,IC50,=,52.0,nM,7.28,CHEMBL832655,CHEMBL1900,1
CHEMBL192213,O=C(O)Cn1cc(Cc2nc3ccc(Cl)cc3s2)c2ccccc21,IC50,=,660.0,nM,6.18,CHEMBL832655,CHEMBL1900,1
CHEMBL372902,O=C(O)Cn1cc(Cc2nc3c(F)cccc3s2)c2ccccc21,IC50,=,34.0,nM,7.47,CHEMBL832655,CHEMBL1900,1
CHEMBL193569,O=C(O)Cn1cc(Cc2nc3cc(F)ccc3s2)c2ccccc21,IC50,=,9.0,nM,8.05,CHEMBL832655,CHEMBL1900,1
CHEMBL193570,O=C(O)Cn1cc(Cc2nc3ccc(F)cc3s2)c2ccccc21,IC50,=,1000.0,nM,6.0,CHEMBL832655,CHEMBL1900,1
CHEMBL364313,O=C(O)Cn1cc(Cc2nc3cccc(F)c3s2)c2ccccc21,IC50,=,55.0,nM,7.26,CHEMBL832655,CHEMBL1900,1
CHEMBL191951,O=C(O)Cn1cc(Cc2nc3cc(F)c(F)cc3s2)c2ccccc21,IC50,=,560.0,nM,6.25,CHEMBL832655,CHEMBL1900,1
CHEMBL192534,O=C(O)Cn1cc(Cc2nc3c(F)cc(F)cc3s2)c2ccccc21,IC50,=,690.0,nM,6.16,CHEMBL832655,CHEMBL1900,1
CHEMBL363387,O=C(O)Cn1cc(Cc2nc3c(F)c(F)cc(F)c3s2)c2ccccc21,IC50,=,5.0,nM,8.3,CHEMBL832655,CHEMBL1900,1
CHEMBL364235,Cc1c(Cc2nc3c(F)c(F)cc(F)c3s2)c2ccccc2n1CC(=O)O,IC50,=,8.0,nM,8.1,CHEMBL832655,CHEMBL1900,1
CHEMBL364699,O=C(O)Cn1c(-c2ccccc2)c(Cc2nc3c(F)c(F)cc(F)c3s2)c2ccccc21,IC50,=,100.0,nM,7.0,CHEMBL832655,CHEMBL1900,1
CHEMBL193277,O=C(O)Cn1cc(Cc2nc3c(F)c(F)cc(F)c3s2)c2c(Cl)cccc21,IC50,=,11.0,nM,7.96,CHEMBL832655,CHEMBL1900,1
CHEMBL192263,O=C(O)Cn1cc(Cc2nc3c(F)c(F)cc(F)c3s2)c2cc(Cl)ccc21,IC50,=,10.0,nM,8.0,CHEMBL832655,CHEMBL1900,1
CHEMBL193254,O=C(O)Cn1cc(Cc2nc3c(F)c(F)cc(F)c3s2)c2cc(F)ccc21,IC50,=,11.0,nM,7.96,CHEMBL832655,CHEMBL1900,1
CHEMBL192434,O=C(O)Cn1cc(Cc2nc3c(F)c(F)cc(F)c3s2)c2cc(Br)ccc21,IC50,=,13.0,nM,7.89,CHEMBL832655,CHEMBL1900,1
CHEMBL191508,Cc1ccc2c(c1)c(Cc1nc3c(F)c(F)cc(F)c3s1)cn2CC(=O)O,IC50,=,8.0,nM,8.1,CHEMBL832655,CHEMBL1900,1
CHEMBL192255,COc1ccc2c(c1)c(Cc1nc3c(F)c(F)cc(F)c3s1)cn2CC(=O)O,IC50,=,8.0,nM,8.1,CHEMBL832655,CHEMBL1900,1
CHEMBL192399,O=C(O)Cn1cc(Cc2nc3c(F)c(F)cc(F)c3s2)c2cc(OCc3ccccc3)ccc21,IC50,=,12.0,nM,7.92,CHEMBL832655,CHEMBL1900,1
CHEMBL363850,O=C(O)Cn1cc(Cc2nc3c(F)c(F)cc(F)c3s2)c2cc(Oc3ccccc3)ccc21,IC50,=,30.0,nM,7.52,CHEMBL832655,CHEMBL1900,1
CHEMBL192182,O=C(O)Cn1cc(Cc2nc3c(F)c(F)cc(F)c3s2)c2cc(-c3ccccc3)ccc21,IC50,=,53.0,nM,7.28,CHEMBL832655,CHEMBL1900,1
CHEMBL370478,O=C(O)Cn1cc(Cc2nc3c(F)c(F)cc(F)c3s2)c2cc(N3CCOCC3)ccc21,IC50,=,8.0,nM,8.1,CHEMBL832655,CHEMBL1900,1
CHEMBL371991,O=C(O)Cn1cc(Cc2nc3c(F)c(F)cc(F)c3s2)c2ccc(F)cc21,IC50,=,7.0,nM,8.15,CHEMBL832655,CHEMBL1900,1
CHEMBL371162,O=C(O)Cn1cc(Cc2nc3c(F)c(F)cc(F)c3s2)c2ccc(Cl)cc21,IC50,=,8.0,nM,8.1,CHEMBL832655,CHEMBL1900,1
CHEMBL192927,Cc1ccc2c(Cc3nc4c(F)c(F)cc(F)c4s3)cn(CC(=O)O)c2c1,IC50,=,10.0,nM,8.0,CHEMBL832655,CHEMBL1900,1
CHEMBL190931,COc1ccc2c(Cc3nc4c(F)c(F)cc(F)c4s3)cn(CC(=O)O)c2c1,IC50,=,5.0,nM,8.3,CHEMBL832655,CHEMBL1900,1
CHEMBL195065,O=C(O)Cn1cc(Cc2nc3c(F)c(F)cc(F)c3s2)c2ccc(-c3ccccc3)cc21,IC50,=,25.0,nM,7.6,CHEMBL832655,CHEMBL1900,1
CHEMBL192762,O=C(O)Cn1cc(Cc2nc3c(F)c(F)cc(F)c3s2)c2ccc(N3CCOCC3)cc21,IC50,=,15.0,nM,7.82,CHEMBL832655,CHEMBL1900,1
CHEMBL192167,O=C(O)Cn1cc(Cc2nc3c(F)c(F)cc(F)c3s2)c2cccc(F)c21,IC50,=,7.0,nM,8.15,CHEMBL832655,CHEMBL1900,1
CHEMBL189801,O=C(O)Cn1cc(Cc2nc3c(F)c(F)cc(F)c3s2)c2cccc(Cl)c21,IC50,=,9.0,nM,8.05,CHEMBL832655,CHEMBL1900,1
CHEMBL193030,O=C(O)Cn1cc(Cc2nc3c(F)c(F)cc(F)c3s2)c2cccc(Br)c21,IC50,=,14.0,nM,7.85,CHEMBL832655,CHEMBL1900,1
CHEMBL192886,Cc1cccc2c1n(CC(=O)O)cc2Cc1nc2c(F)c(F)cc(F)c2s1,IC50,=,6.0,nM,8.22,CHEMBL832655,CHEMBL1900,1
CHEMBL193566,O=C(O)Cn1cc(C(=O)c2nc3c(F)c(F)cc(F)c3s2)c2ccccc21,IC50,=,1600.0,nM,5.8,CHEMBL832655,CHEMBL1900,1
CHEMBL193155,O=C(O)Cn1cc(CCc2nc3c(F)c(F)cc(F)c3s2)c2ccccc21,IC50,=,8.0,nM,8.1,CHEMBL832655,CHEMBL1900,1
CHEMBL193839,O=C(O)CCn1cc(Cc2nc3c(F)c(F)cc(F)c3s2)c2ccccc21,IC50,=,17.0,nM,7.77,CHEMBL832655,CHEMBL1900,1
CHEMBL193307,CC(C(=O)O)n1cc(Cc2nc3c(F)c(F)cc(F)c3s2)c2ccccc21,IC50,=,163.0,nM,6.79,CHEMBL832655,CHEMBL1900,2
CHEMBL198764,O=S(=O)(c1ccc(O)nn1)c1cccc(Cl)c1Cl,IC50,=,55.0,nM,7.26,CHEMBL880577,CHEMBL1900,1
CHEMBL371901,O=S(=O)(c1ccc(O)nn1)c1cc(Cl)ccc1Cl,IC50,=,73.0,nM,7.14,CHEMBL880577,CHEMBL1900,1
CHEMBL197712,O=S(=O)(c1ccc(O)nn1)c1c(Cl)cccc1Cl,IC50,=,50.0,nM,7.3,CHEMBL880577,CHEMBL1900,1
CHEMBL198004,O=S(=O)(c1ccc(O)nn1)c1cccc(F)c1F,IC50,=,390.0,nM,6.41,CHEMBL880577,CHEMBL1900,1
CHEMBL363415,O=S(=O)(c1ccc(O)nn1)c1ccc(F)cc1F,IC50,=,870.0,nM,6.06,CHEMBL880577,CHEMBL1900,1
CHEMBL194905,O=S(=O)(c1cccc(C(F)(F)F)c1)c1ccc(O)nn1,IC50,=,175.0,nM,6.76,CHEMBL880577,CHEMBL1900,1
CHEMBL372861,O=S(=O)(c1ccc(C(F)(F)F)cc1)c1ccc(O)nn1,IC50,=,360.0,nM,6.44,CHEMBL880577,CHEMBL1900,1
CHEMBL194582,O=S(=O)(c1ccc(O)nn1)c1cccc2ccccc12,IC50,=,150.0,nM,6.82,CHEMBL880577,CHEMBL1900,1
CHEMBL369911,O=S(=O)(c1ccc2ccccc2c1)c1ccc(O)nn1,IC50,=,360.0,nM,6.44,CHEMBL880577,CHEMBL1900,1
CHEMBL425920,O=S(=O)(c1ccc(O)nn1)c1c(-c2ccccc2)c2cc(Cl)ccc2o1,IC50,=,34.0,nM,7.47,CHEMBL880577,CHEMBL1900,1
CHEMBL197841,Cc1ccc2sc(S(=O)(=O)c3ccc(O)nn3)cc2c1,IC50,=,160.0,nM,6.8,CHEMBL880577,CHEMBL1900,1
CHEMBL371914,Cc1c(S(=O)(=O)c2ccc(O)nn2)sc2ccc(Cl)cc12,IC50,=,55.0,nM,7.26,CHEMBL880577,CHEMBL1900,1
CHEMBL413566,O=S(=O)(c1ccc(Br)cc1)c1ccc(O)nn1,IC50,=,350.0,nM,6.46,CHEMBL880577,CHEMBL1900,1
CHEMBL197924,O=S(=O)(c1cccc(Cl)c1)c1ccc(O)nn1,IC50,=,240.0,nM,6.62,CHEMBL880577,CHEMBL1900,1
CHEMBL425745,O=S(=O)(c1ccc(Cl)cc1)c1ccc(O)nn1,IC50,=,380.0,nM,6.42,CHEMBL880577,CHEMBL1900,1
CHEMBL198119,O=S(=O)(c1ccc(O)nn1)c1ccccc1F,IC50,=,540.0,nM,6.27,CHEMBL880577,CHEMBL1900,1
CHEMBL425922,O=S(=O)(c1ccc(F)cc1)c1ccc(O)nn1,IC50,=,474.0,nM,6.32,CHEMBL880577,CHEMBL1900,1
CHEMBL199028,O=S(=O)(Cc1ccccc1)c1ccc(O)nn1,IC50,=,600.0,nM,6.22,CHEMBL880577,CHEMBL1900,1
CHEMBL373040,O=S(=O)(Cc1ccccc1Cl)c1ccc(O)nn1,IC50,=,118.0,nM,6.93,CHEMBL880577,CHEMBL1900,1
CHEMBL199069,O=S(=O)(Cc1ccccc1F)c1ccc(O)nn1,IC50,=,422.0,nM,6.38,CHEMBL880577,CHEMBL1900,1
CHEMBL197544,O=S(=O)(Cc1ccccc1C(F)(F)F)c1ccc(O)nn1,IC50,=,500.0,nM,6.3,CHEMBL880577,CHEMBL1900,1
CHEMBL433987,O=S(=O)(Cc1cccc(C(F)(F)F)c1)c1ccc(O)nn1,IC50,=,72.0,nM,7.14,CHEMBL880577,CHEMBL1900,1
CHEMBL197805,O=S(=O)(Cc1cccc(Cl)c1Cl)c1ccc(O)nn1,IC50,=,35.0,nM,7.46,CHEMBL880577,CHEMBL1900,1
CHEMBL372641,O=S(=O)(Cc1c(Cl)cccc1Cl)c1ccc(O)nn1,IC50,=,52.0,nM,7.28,CHEMBL880577,CHEMBL1900,1
CHEMBL197806,O=S(=O)(Cc1cccc(F)c1F)c1ccc(O)nn1,IC50,=,257.0,nM,6.59,CHEMBL880577,CHEMBL1900,1
CHEMBL197628,O=S(=O)(Cc1ccc(Br)cc1F)c1ccc(O)nn1,IC50,=,667.0,nM,6.18,CHEMBL880577,CHEMBL1900,1
CHEMBL371307,O=S(=O)(Cc1c(F)cccc1Cl)c1ccc(O)nn1,IC50,=,26.0,nM,7.58,CHEMBL880577,CHEMBL1900,1
CHEMBL198250,O=S(=O)(Cc1cccc(Cl)c1F)c1ccc(O)nn1,IC50,=,54.0,nM,7.27,CHEMBL880577,CHEMBL1900,1
CHEMBL446704,O=S(=O)(Cc1cccc(C(F)(F)F)c1F)c1ccc(O)nn1,IC50,=,44.0,nM,7.36,CHEMBL880577,CHEMBL1900,1
CHEMBL240871,O=c1ccc(S(=O)(=O)c2cc3cc(Cl)ccc3[nH]2)n[nH]1,IC50,=,1100.0,nM,5.96,CHEMBL880577,CHEMBL1900,1
CHEMBL372815,O=S(=O)(c1ccc(O)nn1)c1cc2ccc(Cl)cc2[nH]1,IC50,=,645.0,nM,6.19,CHEMBL880577,CHEMBL1900,1
CHEMBL197678,O=S(=O)(c1ccc(O)nn1)c1cc2cccc(Cl)c2[nH]1,IC50,=,450.0,nM,6.35,CHEMBL880577,CHEMBL1900,1
CHEMBL199240,O=S(=O)(c1ccc(O)nn1)c1cc2ccc(F)cc2[nH]1,IC50,=,1400.0,nM,5.85,CHEMBL880577,CHEMBL1900,1
CHEMBL198501,O=S(=O)(c1ccc(O)nn1)c1cc2cc3c(cc2[nH]1)OCO3,IC50,=,3800.0,nM,5.42,CHEMBL880577,CHEMBL1900,1
CHEMBL370444,O=S(=O)(c1ccc(O)nn1)c1cc2cc(Cl)cc(Cl)c2[nH]1,IC50,=,200.0,nM,6.7,CHEMBL880577,CHEMBL1900,1
CHEMBL240722,O=c1ccc(S(=O)(=O)c2cc3cc(Cl)ccc3o2)n[nH]1,IC50,=,25.0,nM,7.6,CHEMBL880577,CHEMBL1900,1
CHEMBL198331,Cc1c(S(=O)(=O)c2ccc(O)nn2)oc2ccccc12,IC50,=,140.0,nM,6.85,CHEMBL880577,CHEMBL1900,1
CHEMBL241570,COc1ccc2oc(S(=O)(=O)c3n[nH]c(=O)cc3)cc2c1,IC50,=,230.0,nM,6.64,CHEMBL880577,CHEMBL1900,1
CHEMBL239440,O=c1ccc(S(=O)(=O)c2cc3cc(Cl)cc(Cl)c3o2)n[nH]1,IC50,=,87.0,nM,7.06,CHEMBL880577,CHEMBL1900,1
CHEMBL199100,Cc1c(S(=O)(=O)c2ccc(O)nn2)oc2cc(Cl)ccc12,IC50,=,190.0,nM,6.72,CHEMBL880577,CHEMBL1900,1
CHEMBL198096,Cc1c(S(=O)(=O)c2ccc(O)nn2)oc2ccc(F)cc12,IC50,=,3.0,nM,8.52,CHEMBL880577,CHEMBL1900,1
CHEMBL370123,Cc1c(S(=O)(=O)c2ccc(O)nn2)oc2ccc(C(F)(F)F)cc12,IC50,=,5.0,nM,8.3,CHEMBL880577,CHEMBL1900,1
CHEMBL198148,Cc1ccc2oc(S(=O)(=O)c3ccc(O)nn3)c(C)c2c1,IC50,=,13.0,nM,7.89,CHEMBL880577,CHEMBL1900,1
CHEMBL440567,CCc1c(S(=O)(=O)c2ccc(O)nn2)oc2ccc(Cl)cc12,IC50,=,6.0,nM,8.22,CHEMBL880577,CHEMBL1900,1
CHEMBL372193,CC(C)c1c(S(=O)(=O)c2ccc(O)nn2)oc2ccc(Cl)cc12,IC50,=,92.0,nM,7.04,CHEMBL880577,CHEMBL1900,1
CHEMBL197878,O=S(=O)(c1ccc(O)nn1)c1c(-c2ccccc2)c2ccccc2o1,IC50,=,23.0,nM,7.64,CHEMBL880577,CHEMBL1900,1
CHEMBL372136,O=S(=O)(c1ccc(O)nn1)c1c(-c2ccc(F)cc2)c2ccccc2o1,IC50,=,49.0,nM,7.31,CHEMBL880577,CHEMBL1900,1
CHEMBL1044,O=C(O)Cc1ccccc1,IC50,=,96000.0,nM,4.02,CHEMBL924228,CHEMBL1900,1
CHEMBL241577,O=C(O)COc1cc(Cl)ccc1C(=O)NCc1cccc([N+](=O)[O-])c1,IC50,=,6.0,nM,8.22,CHEMBL924228,CHEMBL1900,1
CHEMBL241367,N#Cc1cc(C(=O)NCc2cccc([N+](=O)[O-])c2)c(OCC(=O)O)cc1F,IC50,=,7.0,nM,8.15,CHEMBL924228,CHEMBL1900,1
CHEMBL399598,O=C(O)COc1cc(F)ccc1C(=O)NCc1nc2c(F)c(F)cc(F)c2s1,IC50,=,11.0,nM,7.96,CHEMBL924228,CHEMBL1900,1
CHEMBL334830,O=C1C[C@@]2(C(=O)N1)C(=O)N(Cc1ccc(Br)cc1F)C(=O)c1cccn12,IC50,=,15.0,nM,7.82,CHEMBL924228,CHEMBL1900,1
CHEMBL240721,O=C(O)COc1cc(F)ccc1C(=O)NCc1nc2cc(C(F)(F)F)ccc2s1,IC50,=,29.0,nM,7.54,CHEMBL924228,CHEMBL1900,1
CHEMBL395347,O=C(O)COc1cc(F)ccc1C(=S)NCc1ccc(Br)cc1F,IC50,=,30.0,nM,7.52,CHEMBL924228,CHEMBL1900,1
CHEMBL240720,O=C(O)COc1cc(Cl)ccc1C(=O)NCc1nc2cc(C(F)(F)F)ccc2s1,IC50,=,35.0,nM,7.46,CHEMBL924228,CHEMBL1900,1
CHEMBL240719,Cc1ccccc1CC(=O)Nc1cc(C)c(S(=O)(=O)NCC(=O)O)c(C)c1,IC50,=,108.0,nM,6.97,CHEMBL924228,CHEMBL1900,1
CHEMBL241572,O=C(O)COc1ccccc1C(=O)NCc1ccc(Br)cc1F,IC50,=,176.0,nM,6.75,CHEMBL924228,CHEMBL1900,1
CHEMBL335776,O=C1C[C@]2(C(=O)N1)C(=O)N(Cc1ccc(Br)cc1F)C(=O)c1cccn12,IC50,=,190.0,nM,6.72,CHEMBL924228,CHEMBL1900,1
CHEMBL240714,O=C(O)Cc1ccccc1O,IC50,=,3500.0,nM,5.46,CHEMBL924228,CHEMBL1900,1
CHEMBL240293,O=C(O)Cc1c(Cl)cccc1Cl,IC50,=,4400.0,nM,5.36,CHEMBL924228,CHEMBL1900,1
CHEMBL14184,CCCCCC(=O)O,IC50,=,68200.0,nM,4.17,CHEMBL924228,CHEMBL1900,1
CHEMBL50,O=c1c(O)c(-c2ccc(O)c(O)c2)oc2cc(O)cc(O)c12,IC50,=,2200.0,nM,5.66,CHEMBL936594,CHEMBL1900,1
CHEMBL117,O=c1cc(-c2ccccc2)oc2cc(O)cc(O)c12,IC50,=,8500.0,nM,5.07,CHEMBL936594,CHEMBL1900,1
CHEMBL164,O=c1c(O)c(-c2cc(O)c(O)c(O)c2)oc2cc(O)cc(O)c12,IC50,=,29000.0,nM,4.54,CHEMBL936594,CHEMBL1900,1
CHEMBL82242,C[C@@H]1O[C@@H](Oc2c(-c3ccc(O)c(O)c3)oc3cc(O)cc(O)c3c2=O)[C@H](O)[C@H](O)[C@H]1O,IC50,=,150.0,nM,6.82,CHEMBL936594,CHEMBL1900,1
CHEMBL173813,O=CC(O)CO,IC50,=,10.0,nM,8.0,CHEMBL921559,CHEMBL1900,2
CHEMBL486917,O=C(O)CN1C(=O)S/C(=C\c2ccc(O)cc2)C1=O,IC50,=,150.0,nM,6.82,CHEMBL964727,CHEMBL1900,1
CHEMBL324842,O=C(/C=C/c1ccc(O)c(O)c1)O[C@H](Cc1ccc(O)c(O)c1)C(=O)O,IC50,=,3910.0,nM,5.41,CHEMBL1103716,CHEMBL1900,1
CHEMBL260778,O=C(/C=C/c1ccc(O)c(O)c1)O[C@H](Cc1cc(O)c(O)cc1[N+](=O)[O-])C(=O)O,IC50,=,1840.0,nM,5.74,CHEMBL1103716,CHEMBL1900,1
CHEMBL261703,O=C(/C=C/c1cc(O)c(O)cc1[N+](=O)[O-])O[C@H](Cc1cc(O)c(O)cc1[N+](=O)[O-])C(=O)O,IC50,=,741.0,nM,6.13,CHEMBL1103716,CHEMBL1900,1
CHEMBL1172665,COc1ccc(/N=c2\oc3cc(O)ccc3cc2C(=O)Nc2ccccn2)cc1,IC50,=,11.0,nM,7.96,CHEMBL1174254,CHEMBL1900,1
CHEMBL1171546,COc1ccc(/N=c2\oc3cc(O)ccc3cc2C(=O)Nc2ccccn2)c(OC)c1,IC50,=,21.0,nM,7.68,CHEMBL1174254,CHEMBL1900,1
CHEMBL1169756,COc1ccc(OC)c(/N=c2\oc3cc(O)ccc3cc2C(=O)Nc2ccccn2)c1,IC50,=,36.0,nM,7.44,CHEMBL1174254,CHEMBL1900,1
CHEMBL1169757,COc1ccc(/N=c2\oc3cc(O)ccc3cc2C(=O)Nc2cccc(C)n2)cc1OC,IC50,=,34.0,nM,7.47,CHEMBL1174254,CHEMBL1900,1
CHEMBL150372,O=c1oc2ccccc2cc1O,IC50,=,62000.0,nM,4.21,CHEMBL1260797,CHEMBL1900,1
CHEMBL51628,O=c1ccc2ccc(O)cc2o1,IC50,=,22900.0,nM,4.64,CHEMBL1260797,CHEMBL1900,1
CHEMBL49732,COc1ccc2ccc(=O)oc2c1,IC50,=,67500.0,nM,4.17,CHEMBL1260797,CHEMBL1900,1
CHEMBL244743,O=c1ccc2cc(O)c(O)cc2o1,IC50,=,67200.0,nM,4.17,CHEMBL1260797,CHEMBL1900,1
CHEMBL71851,COc1cc2c(cc1O)oc(=O)cc2,IC50,=,74400.0,nM,4.13,CHEMBL1260797,CHEMBL1900,1
CHEMBL390320,COc1cc2c(ccc(=O)o2)cc1O,IC50,=,56200.0,nM,4.25,CHEMBL1260797,CHEMBL1900,1
CHEMBL12208,Cc1cc(=O)oc2cc(O)ccc12,IC50,=,24500.0,nM,4.61,CHEMBL1260797,CHEMBL1900,1
CHEMBL12253,O=C(O)Cc1cc(=O)oc2cc(O)ccc12,IC50,=,20800.0,nM,4.68,CHEMBL1260797,CHEMBL1900,1
CHEMBL325841,O=c1cc(-c2ccccc2)c2ccc(O)cc2o1,IC50,=,2400.0,nM,5.62,CHEMBL1260797,CHEMBL1900,1
CHEMBL313244,Cc1cc(=O)oc2cc(O)c(O)cc12,IC50,=,64400.0,nM,4.19,CHEMBL1260797,CHEMBL1900,1
CHEMBL1255817,O=C(O)Cc1cc(=O)oc2cc(O)c(O)cc12,IC50,=,63300.0,nM,4.2,CHEMBL1260797,CHEMBL1900,1
CHEMBL1255818,O=c1cc(-c2ccccc2)c2cc(O)c(O)cc2o1,IC50,=,66300.0,nM,4.18,CHEMBL1260797,CHEMBL1900,1
CHEMBL1645380,O=C(O)CN1C(=O)S/C(=C\c2cccc(Oc3ccccc3)c2)C1=O,IC50,=,130.0,nM,6.89,CHEMBL1646531,CHEMBL1900,1
CHEMBL1645381,O=C(O)CN1C(=O)S/C(=C\c2ccc(Oc3ccccc3)cc2)C1=O,IC50,=,820.0,nM,6.09,CHEMBL1646531,CHEMBL1900,1
CHEMBL1645382,O=C(O)CN1C(=O)S/C(=C\c2ccc(OCc3ccccc3)cc2)C1=O,IC50,=,280.0,nM,6.55,CHEMBL1646531,CHEMBL1900,1
CHEMBL1645383,COc1cccc(/C=C2\SC(=O)N(CC(=O)O)C2=O)c1,IC50,=,480.0,nM,6.32,CHEMBL1646531,CHEMBL1900,1
CHEMBL1645384,O=C1NC(=O)/C(=C/c2cccc(Oc3ccccc3)c2)S1,IC50,=,6140.0,nM,5.21,CHEMBL1646531,CHEMBL1900,1
CHEMBL1348329,O=C1NC(=O)/C(=C/c2cccc3ccccc23)S1,IC50,=,10700.0,nM,4.97,CHEMBL1646531,CHEMBL1900,1
CHEMBL496782,COc1cccc(/C=C2\SC(=O)NC2=O)c1,IC50,=,13280.0,nM,4.88,CHEMBL1646531,CHEMBL1900,1
CHEMBL85496,COc1ccc(/C=C2\SC(=O)NC2=O)cc1,IC50,=,40830.0,nM,4.39,CHEMBL1646531,CHEMBL1900,1
CHEMBL87706,O=C1NC(=O)/C(=C/c2ccc(O)cc2)S1,IC50,=,8960.0,nM,5.05,CHEMBL1646531,CHEMBL1900,1
CHEMBL1668048,CC(=O)Oc1cc(OCC(=O)OCc2[n+]([O-])onc2-c2ccccc2)cc2c1c(=O)cc(-c1ccccc1)o2,IC50,=,900.0,nM,6.05,CHEMBL1670631,CHEMBL1900,1
CHEMBL470376,O=C(COc1cc(O)c2c(=O)cc(-c3ccccc3)oc2c1)OCc1[n+]([O-])onc1-c1ccccc1,IC50,=,750.0,nM,6.12,CHEMBL1670631,CHEMBL1900,1
CHEMBL1668047,CC(=O)Oc1cc(OCC(=O)OCc2ccc(OCc3[n+]([O-])onc3-c3ccccc3)cc2)cc2c1c(=O)cc(-c1ccccc1)o2,IC50,=,1930.0,nM,5.71,CHEMBL1670631,CHEMBL1900,1
CHEMBL1668046,O=C(COc1cc(O)c2c(=O)cc(-c3ccccc3)oc2c1)OCc1ccc(OCc2[n+]([O-])onc2-c2ccccc2)cc1,IC50,=,400.0,nM,6.4,CHEMBL1670631,CHEMBL1900,1
CHEMBL1668045,CC(=O)Oc1cc(OCC(=O)OCc2cccc(OCc3[n+]([O-])onc3-c3ccccc3)c2)cc2c1c(=O)cc(-c1ccccc1)o2,IC50,=,1620.0,nM,5.79,CHEMBL1670631,CHEMBL1900,1
CHEMBL1668044,O=C(COc1cc(O)c2c(=O)cc(-c3ccccc3)oc2c1)OCc1cccc(OCc2[n+]([O-])onc2-c2ccccc2)c1,IC50,=,220.0,nM,6.66,CHEMBL1670631,CHEMBL1900,1
CHEMBL1917417,Cc1ccc2c(c1)c(Sc1ccccc1)c(C)n2CC(=O)O,IC50,=,3160.0,nM,5.5,CHEMBL1919385,CHEMBL1900,1
CHEMBL1917423,Cc1c(Sc2ccc(Cl)cc2)c2cccc(Cl)c2n1CC(=O)O,IC50,=,4467.0,nM,5.35,CHEMBL1919385,CHEMBL1900,1
CHEMBL1917424,Cc1c(Sc2ccc(Cl)cc2)c2ccc(Cl)cc2n1CC(=O)O,IC50,=,1122.0,nM,5.95,CHEMBL1919385,CHEMBL1900,1
CHEMBL1917425,Cc1c(Sc2ccc(Cl)cc2)c2c(Cl)cccc2n1CC(=O)O,IC50,=,1778.0,nM,5.75,CHEMBL1919385,CHEMBL1900,1
CHEMBL1917426,Cc1c(Sc2ccc(Cl)cc2)c2cc(F)ccc2n1CC(=O)O,IC50,=,3162.0,nM,5.5,CHEMBL1919385,CHEMBL1900,1
CHEMBL1917427,Cc1c(F)ccc2c1c(Sc1ccc(Cl)cc1)c(C)n2CC(=O)O,IC50,=,2239.0,nM,5.65,CHEMBL1919385,CHEMBL1900,1
CHEMBL1917428,Cc1c(Sc2ccc(Cl)cc2)c2c(C#N)c(Cl)ccc2n1CC(=O)O,IC50,=,2239.0,nM,5.65,CHEMBL1919385,CHEMBL1900,1
CHEMBL1917433,Cc1c(Sc2ccc(Cl)cc2)c2c(NS(C)(=O)=O)cccc2n1CC(=O)O,IC50,=,1000.0,nM,6.0,CHEMBL1919385,CHEMBL1900,1
CHEMBL1914489,CC(=O)Nc1cccc2c1c(Sc1ccc(Cl)cc1)c(C)n2CC(=O)O,IC50,=,794.0,nM,6.1,CHEMBL1919385,CHEMBL1900,1
CHEMBL1917439,Cc1c(Sc2ccc(Cl)cc2)c2cc(-c3ccccc3)ccc2n1CC(=O)O,IC50,=,1778.0,nM,5.75,CHEMBL1919385,CHEMBL1900,1
CHEMBL1917441,Cc1ccc2c(c1)c(Sc1cccc(Cl)c1)c(C)n2CC(=O)O,IC50,=,1778.0,nM,5.75,CHEMBL1919385,CHEMBL1900,1
CHEMBL1917442,Cc1ccc2c(c1)c(Sc1ccccc1Cl)c(C)n2CC(=O)O,IC50,=,5623.0,nM,5.25,CHEMBL1919385,CHEMBL1900,1
CHEMBL1917443,Cc1ccc2c(c1)c(Sc1ccc(S(C)(=O)=O)cc1)c(C)n2CC(=O)O,IC50,=,7943.0,nM,5.1,CHEMBL1919385,CHEMBL1900,1
CHEMBL1917444,COc1ccc(Sc2c(C)n(CC(=O)O)c3ccc(C)cc23)cc1,IC50,=,282.0,nM,6.55,CHEMBL1919385,CHEMBL1900,1
CHEMBL1917446,Cc1ccc2c(c1)c(S(=O)(=O)c1ccc(Cl)cc1)c(C)n2CC(=O)O,IC50,=,411.0,nM,6.39,CHEMBL1919385,CHEMBL1900,1
CHEMBL1917448,COc1cccc(S(=O)(=O)c2c(C)n(CC(=O)O)c3ccc(C)cc23)c1,IC50,=,115.0,nM,6.94,CHEMBL1919385,CHEMBL1900,1
CHEMBL1917449,CC(=O)Nc1cccc2c1c(S(=O)(=O)c1ccc(Cl)cc1)c(C)n2CC(=O)O,IC50,=,708.0,nM,6.15,CHEMBL1919385,CHEMBL1900,1
CHEMBL1917450,Cc1c(S(=O)(=O)c2ccc(Cl)cc2)c2c(NS(C)(=O)=O)cccc2n1CC(=O)O,IC50,=,63.0,nM,7.2,CHEMBL1919385,CHEMBL1900,1
CHEMBL1917458,CCS(=O)(=O)c1ccc(Oc2c(C)n(CC(=O)O)c3ccc(C(F)(F)F)cc23)cc1,IC50,=,3981.0,nM,5.4,CHEMBL1919385,CHEMBL1900,1
CHEMBL1922169,CC(CC(=O)C[C@@H](C)[C@H]1CC(=O)[C@@]2(C)C3=C([C@@H](O)C[C@]12C)[C@@]1(C)CCC(=O)C(C)(C)[C@@H]1C[C@@H]3O)C(=O)O,IC50,=,22800.0,nM,4.64,CHEMBL1924248,CHEMBL1900,2
CHEMBL1922174,C[C@H](CC(=O)C[C@@H](C)[C@H]1C[C@H](O)[C@@]2(C)C3=C(C(=O)C[C@]12C)[C@@]1(C)CC[C@H](O)C(C)(C)[C@@H]1C[C@@H]3O)C(=O)O,IC50,=,43800.0,nM,4.36,CHEMBL1924248,CHEMBL1900,1
CHEMBL1208026,O=C(O)Cc1ccc2[nH]c3c(CN(Cc4ccccc4)CC3)c2c1,IC50,=,18200.0,nM,4.74,CHEMBL1926040,CHEMBL1900,1
CHEMBL145,O=C(O)/C=C/c1ccc(O)c(O)c1,IC50,=,32000.0,nM,4.5,CHEMBL1942330,CHEMBL1900,1
CHEMBL66879,O=C(O)/C=C/c1ccc(O)cc1,IC50,=,76000.0,nM,4.12,CHEMBL1942330,CHEMBL1900,1
CHEMBL456309,CC(C)=CCc1cc(/C=C/C(=O)O)cc(CC=C(C)C)c1O,IC50,=,23000.0,nM,4.64,CHEMBL1942330,CHEMBL1900,1
CHEMBL464997,CC(C)=CCc1cc(/C=C/C(=O)O)ccc1O,IC50,=,38000.0,nM,4.42,CHEMBL1942330,CHEMBL1900,1
CHEMBL284616,O=C(/C=C/c1ccc(O)c(O)c1)O[C@@H]1C[C@](O)(C(=O)O)C[C@@H](O)[C@H]1O,IC50,=,300.0,nM,6.52,CHEMBL1942330,CHEMBL1900,1
CHEMBL249448,O=C(/C=C/c1ccc(O)c(O)c1)O[C@@H]1C[C@](O)(C(=O)O)C[C@@H](O)[C@H]1OC(=O)/C=C/c1ccc(O)c(O)c1,IC50,=,78.0,nM,7.11,CHEMBL1942330,CHEMBL1900,1
CHEMBL249447,O=C(/C=C/c1ccc(O)c(O)c1)O[C@@H]1C[C@](O)(C(=O)O)C[C@@H](OC(=O)/C=C/c2ccc(O)c(O)c2)[C@H]1O,IC50,=,88.0,nM,7.06,CHEMBL1942330,CHEMBL1900,1
CHEMBL1940401,COc1cc(O)ccc1/C=C/C(=O)OCCCc1ccc(O)cc1,IC50,=,11000.0,nM,4.96,CHEMBL1942330,CHEMBL1900,1
CHEMBL1940400,COc1cc(O)ccc1/C=C/C(=O)OCCCc1cccc(O)c1,IC50,=,4900.0,nM,5.31,CHEMBL1942330,CHEMBL1900,1
CHEMBL1940399,COc1cc(O)ccc1/C=C/C(=O)OCCCc1ccccc1O,IC50,=,6900.0,nM,5.16,CHEMBL1942330,CHEMBL1900,1
CHEMBL1940398,COc1cc(O)ccc1/C=C/C(=O)OCCCc1ccccc1,IC50,=,11000.0,nM,4.96,CHEMBL1942330,CHEMBL1900,1
CHEMBL1940397,COc1cc(O)ccc1/C=C/C(=O)OCCc1ccc(O)cc1,IC50,=,3200.0,nM,5.5,CHEMBL1942330,CHEMBL1900,1
CHEMBL1940396,COc1cc(O)ccc1/C=C/C(=O)OCCc1cccc(O)c1,IC50,=,7300.0,nM,5.14,CHEMBL1942330,CHEMBL1900,1
CHEMBL1940395,COc1cc(O)ccc1/C=C/C(=O)OCCc1ccccc1O,IC50,=,9500.0,nM,5.02,CHEMBL1942330,CHEMBL1900,1
CHEMBL1940394,COc1cc(O)ccc1/C=C/C(=O)OCCc1ccccc1,IC50,=,7200.0,nM,5.14,CHEMBL1942330,CHEMBL1900,1
CHEMBL1940393,O=C(/C=C/c1ccc(O)cc1)OCCCc1ccccc1,IC50,=,1100.0,nM,5.96,CHEMBL1942330,CHEMBL1900,1
CHEMBL1940392,O=C(/C=C/c1cccc(O)c1)OCCCc1ccccc1,IC50,=,41000.0,nM,4.39,CHEMBL1942330,CHEMBL1900,1
CHEMBL1940391,CC(C)OC(=O)/C=C/c1ccc(O)cc1,IC50,=,6100.0,nM,5.21,CHEMBL1942330,CHEMBL1900,1
CHEMBL1095574,O=C(/C=C/c1ccc(O)cc1)OCc1ccccc1,IC50,=,2200.0,nM,5.66,CHEMBL1942330,CHEMBL1900,1
CHEMBL133714,O=C(/C=C/c1ccc(O)c(O)c1)OCc1ccccc1,IC50,=,400.0,nM,6.4,CHEMBL1942330,CHEMBL1900,1
CHEMBL1940390,O=C(/C=C/c1ccc(O)cc1)OCCc1ccccc1,IC50,=,2200.0,nM,5.66,CHEMBL1942330,CHEMBL1900,1
CHEMBL1940389,O=C(/C=C/c1cccc(O)c1)OCCc1ccccc1,IC50,=,73000.0,nM,4.14,CHEMBL1942330,CHEMBL1900,1
CHEMBL493921,O=C(/C=C/c1ccccc1)OCCc1ccccc1,IC50,=,23000.0,nM,4.64,CHEMBL1942330,CHEMBL1900,1
CHEMBL319244,O=C(/C=C/c1ccc(O)c(O)c1)OCCc1ccccc1,IC50,=,570.0,nM,6.24,CHEMBL1942330,CHEMBL1900,1
CHEMBL251254,O=c1c(O[C@@H]2O[C@H](CO)[C@H](O)[C@H](O)[C@H]2O)c(-c2ccc(O)c(O)c2)oc2cc(O)cc(O)c12,IC50,=,3000.0,nM,5.52,CHEMBL1942674,CHEMBL1900,1
CHEMBL250450,O=c1c(O[C@@H]2O[C@H](CO)[C@@H](O)[C@H](O)[C@H]2O)c(-c2ccc(O)c(O)c2)oc2cc(O)cc(O)c12,IC50,=,4500.0,nM,5.35,CHEMBL1942674,CHEMBL1900,1
CHEMBL312163,COc1cc(O)c2c(=O)c(O)c(-c3ccc(O)c(O)c3)oc2c1,IC50,=,2700.0,nM,5.57,CHEMBL1942674,CHEMBL1900,1
CHEMBL233930,O=c1c(O[C@@H]2O[C@H](CO)[C@@H](O)[C@H](O)[C@H]2O)c(-c2ccc(O)cc2)oc2cc(O)cc(O)c12,IC50,=,60500.0,nM,4.22,CHEMBL1942674,CHEMBL1900,1
CHEMBL402947,O=c1c(O)c(-c2ccc(O[C@@H]3O[C@H](CO)[C@@H](O)[C@H](O)[C@H]3O)c(O)c2)oc2cc(O)cc(O)c12,IC50,=,95310.0,nM,4.02,CHEMBL1942674,CHEMBL1900,1
CHEMBL150,O=c1c(O)c(-c2ccc(O)cc2)oc2cc(O)cc(O)c12,IC50,=,10000.0,nM,5.0,CHEMBL1942674,CHEMBL1900,1
CHEMBL599763,O=C(/C=C/c1ccc(O[C@@H]2O[C@H](CO)[C@@H](O)[C@H](O)[C@H]2O)cc1)c1ccc(O)cc1O,IC50,=,720.0,nM,6.14,CHEMBL1942674,CHEMBL1900,1
CHEMBL44,O=c1c(-c2ccc(O)cc2)coc2cc(O)cc(O)c12,IC50,=,20000.0,nM,4.7,CHEMBL1942674,CHEMBL1900,1
CHEMBL9352,O=C1C[C@@H](c2ccc(O)cc2)Oc2cc(O)cc(O)c12,IC50,=,28870.0,nM,4.54,CHEMBL1942674,CHEMBL1900,1
CHEMBL471282,O=c1c(O[C@@H]2O[C@@H](CO)[C@H](O)[C@H]2O)c(-c2ccc(O)c(O)c2)oc2cc(O)cc(O)c12,IC50,=,19050.0,nM,4.72,CHEMBL1942674,CHEMBL1900,1
CHEMBL129795,O=C(/C=C/c1ccc(O)cc1)c1ccc(O)cc1O,IC50,=,320.0,nM,6.5,CHEMBL1942674,CHEMBL1900,1
CHEMBL1940910,O=C(/C=C/c1ccc(O)cc1)c1ccc(O[C@@H]2O[C@H](CO)[C@@H](O)[C@H](O)[C@H]2O[C@@H]2OC[C@](O)(CO)[C@H]2O)cc1O,IC50,=,560.0,nM,6.25,CHEMBL1942674,CHEMBL1900,1
CHEMBL6246,O=c1oc2c(O)c(O)cc3c2c2c(oc3=O)c(O)c(O)cc12,IC50,=,200.0,nM,6.7,CHEMBL1942674,CHEMBL1900,1
CHEMBL187266,Cc1coc2c1C(=O)C(=O)c1c-2ccc2c1CCCC2(C)C,IC50,=,8690.0,nM,5.06,CHEMBL1942674,CHEMBL1900,1
CHEMBL1946958,O=C(O)Cn1c2c(CCN(Cc3ccc(F)cc3)C2=O)c2cc(F)ccc21,IC50,=,48600.0,nM,4.31,CHEMBL1948100,CHEMBL1900,1
CHEMBL1946959,O=C(O)Cn1c2c(CCN(Cc3ccccc3)C2=S)c2ccccc21,IC50,=,220.0,nM,6.66,CHEMBL1948100,CHEMBL1900,1
CHEMBL1946960,O=C(O)Cn1c2c(CCN(Cc3ccccc3)C2=S)c2cc(F)ccc21,IC50,=,230.0,nM,6.64,CHEMBL1948100,CHEMBL1900,1
CHEMBL1946961,O=C(O)Cn1c2c(CCN(Cc3ccc(C(F)(F)F)cc3)C2=S)c2cc(F)ccc21,IC50,=,10000.0,nM,5.0,CHEMBL1948100,CHEMBL1900,1
CHEMBL1946962,O=C(O)Cn1c2c(CCN(Cc3ccc(Br)cc3F)C2=S)c2cc(F)ccc21,IC50,=,1700.0,nM,5.77,CHEMBL1948100,CHEMBL1900,1
CHEMBL1946963,O=C(O)Cn1c2c(CCN(Cc3ccc(C(F)(F)F)cc3)C2=S)c2ccccc21,IC50,=,14000.0,nM,4.85,CHEMBL1948100,CHEMBL1900,1
CHEMBL1946964,O=C(O)Cn1c2c(CCN(Cc3ccc(Br)cc3)C2=S)c2ccccc21,IC50,=,5900.0,nM,5.23,CHEMBL1948100,CHEMBL1900,1
CHEMBL1946965,O=C(O)Cn1c2c(CCN(Cc3ccccc3)C2=S)c2cc(Br)ccc21,IC50,=,320.0,nM,6.5,CHEMBL1948100,CHEMBL1900,1
CHEMBL1946966,O=C(O)Cn1c2c(CCN(Cc3ccccc3)C2=S)c2ccc(Cl)cc21,IC50,=,240.0,nM,6.62,CHEMBL1948100,CHEMBL1900,1
CHEMBL1944852,O=C(O)Cn1c2c(CCN(Cc3ccc(Br)cc3F)C2=S)c2ccccc21,IC50,=,4200.0,nM,5.38,CHEMBL1948100,CHEMBL1900,1
CHEMBL1944853,O=C(O)Cn1c2c(CCN(Cc3ccccc3)C2=S)c2cc(Cl)ccc21,IC50,=,350.0,nM,6.46,CHEMBL1948100,CHEMBL1900,1
CHEMBL1944854,O=C(O)Cn1c2c(CCN(Cc3ccccc3)C2=S)c2cc(I)ccc21,IC50,=,190.0,nM,6.72,CHEMBL1948100,CHEMBL1900,1
CHEMBL1944855,COc1ccc2c(c1)c1c(C(=S)N(Cc3ccccc3)CC1)n2CC(=O)O,IC50,=,150.0,nM,6.82,CHEMBL1948100,CHEMBL1900,1
CHEMBL1944856,CC(C)c1ccc2c(c1)c1c(C(=S)N(Cc3ccccc3)CC1)n2CC(=O)O,IC50,=,200.0,nM,6.7,CHEMBL1948100,CHEMBL1900,1
CHEMBL1944857,O=C(O)Cn1c2c(CCN(Cc3ccccc3)C2=S)c2c(Cl)cc(Cl)cc21,IC50,=,190.0,nM,6.72,CHEMBL1948100,CHEMBL1900,1
CHEMBL1944858,O=C(O)Cn1c2c(CCN(Cc3ccccc3)C2=S)c2c(F)cc(F)cc21,IC50,=,1300.0,nM,5.89,CHEMBL1948100,CHEMBL1900,1
CHEMBL1944859,O=C(O)Cn1c2c(CCN(c3ccccc3)C2=S)c2ccccc21,IC50,=,31000.0,nM,4.51,CHEMBL1948100,CHEMBL1900,1
CHEMBL1944860,O=C(O)Cn1c2c(CCN(CCc3ccccc3)C2=S)c2c(F)cc(F)cc21,IC50,=,1800.0,nM,5.75,CHEMBL1948100,CHEMBL1900,1
CHEMBL1944861,O=C(O)Cn1c2c(CCN(Cc3ccccc3)C2=S)c2cc(O)ccc21,IC50,=,200.0,nM,6.7,CHEMBL1948100,CHEMBL1900,1
CHEMBL1944862,O=C(O)Cn1c2c(CCN(Cc3ccccc3)C2=S)c2cc(C(=O)O)ccc21,IC50,=,170.0,nM,6.77,CHEMBL1948100,CHEMBL1900,1
CHEMBL2042239,CN1C(=O)N(Cc2cc(Cl)ccc2F)C(=O)[C@]12C(=O)N(CC(=O)O)c1ccc(Cl)cc12,IC50,=,150.0,nM,6.82,CHEMBL2046044,CHEMBL1900,1
CHEMBL1682201,CC(=O)c1ccc(Nc2cccc(C(=O)O)c2)cc1,IC50,=,38600.0,nM,4.41,CHEMBL2045965,CHEMBL1900,1
CHEMBL2041554,CC(=O)c1ccc(Nc2cccc(C(=O)O)c2)c(C(=O)O)c1,IC50,=,27700.0,nM,4.56,CHEMBL2045965,CHEMBL1900,1
CHEMBL2041555,O=C(O)c1cccc(Nc2ccc(C(F)(F)F)cc2[N+](=O)[O-])c1,IC50,=,50000.0,nM,4.3,CHEMBL2045965,CHEMBL1900,1
CHEMBL2041556,COc1ccc(Nc2cccc(C(=O)O)c2)c([N+](=O)[O-])c1,IC50,=,42700.0,nM,4.37,CHEMBL2045965,CHEMBL1900,1
CHEMBL201515,CC1(C)CC[C@]2(C(=O)O)CC[C@]3(C)C(=CC[C@@H]4[C@@]5(C)C[C@@H](O)[C@H](O)C(C)(C)[C@@H]5CC[C@]43C)[C@@H]2C1,IC50,=,72000.0,nM,4.14,CHEMBL2168781,CHEMBL1900,1
CHEMBL269277,C=C(C)[C@@H]1CC[C@]2(C(=O)O)CC[C@]3(C)[C@H](CC[C@@H]4[C@@]5(C)CC[C@H](O)C(C)(C)[C@@H]5CC[C@]43C)[C@@H]12,IC50,=,11000.0,nM,4.96,CHEMBL2168781,CHEMBL1900,1
CHEMBL169,C[C@@H]1[C@H]2C3=CC[C@@H]4[C@@]5(C)CC[C@H](O)C(C)(C)[C@@H]5CC[C@@]4(C)[C@]3(C)CC[C@@]2(C(=O)O)CC[C@H]1C,IC50,=,41000.0,nM,4.39,CHEMBL2168781,CHEMBL1900,1
CHEMBL404313,C[C@@H]1[C@H]2C3=CC[C@@H]4[C@@]5(C)C[C@@H](O)[C@H](O)[C@@](C)(CO)[C@@H]5CC[C@@]4(C)[C@]3(C)CC[C@@]2(C(=O)O)CC[C@H]1C,IC50,=,34000.0,nM,4.47,CHEMBL2168781,CHEMBL1900,1
CHEMBL400074,CC1(C)CC[C@]2(CO)CC[C@]3(C)C(=CC[C@@H]4[C@@]5(C)CC[C@H](O)C(C)(C)[C@@H]5CC[C@]43C)[C@@H]2C1,IC50,=,84000.0,nM,4.08,CHEMBL2168781,CHEMBL1900,1
CHEMBL1673027,O=C(c1ccccc1)c1cn(-c2cc(F)c(O)c(F)c2)cc1,IC50,=,390.0,nM,6.41,CHEMBL2208623,CHEMBL1900,1
CHEMBL93723,O=C(O)Cn1ccc(C(=O)c2ccccc2)c1,IC50,=,2400.0,nM,5.62,CHEMBL2208623,CHEMBL1900,1
CHEMBL454320,COc1cc(-c2cc(=O)c3c(O)cc(O)cc3o2)cc(OC)c1O,IC50,=,2030.0,nM,5.69,CHEMBL3056509,CHEMBL1900,1
CHEMBL239559,O=c1cc(-c2ccc(O)c(O)c2)oc2cc(O)c([C@@H]3O[C@H](CO)[C@@H](O)[C@H](O)[C@H]3O)c(O)c12,IC50,=,1910.0,nM,5.72,CHEMBL3056509,CHEMBL1900,1
CHEMBL2263318,O=C(/C=C/c1ccc(O)c(O)c1)OC[C@@H]1O[C@H](Oc2c(-c3ccc(O)c(O)c3)oc3cc(O)cc(O)c3c2=O)[C@@H](O)[C@H](O)[C@H]1O,IC50,=,13.4,nM,7.87,CHEMBL3056509,CHEMBL1900,1
CHEMBL2260163,O=C(O)CN1C(=O)S/C(=C/c2ccc([N+](=O)[O-])cc2)C1=O,IC50,=,820.35,nM,6.09,CHEMBL3056339,CHEMBL1900,1
CHEMBL2260162,O=C(O)CN1C(=O)S/C(=C/c2cccc([N+](=O)[O-])c2)C1=O,IC50,=,130.02,nM,6.89,CHEMBL3056339,CHEMBL1900,1
CHEMBL2260161,COC(=O)CN1C(=O)S/C(=C/c2cccc(N)c2)C1=O,IC50,=,1321.3,nM,5.88,CHEMBL3056339,CHEMBL1900,1
CHEMBL2260160,Nc1cccc(/C=C2/SC(=O)NC2=O)c1,IC50,=,6137.62,nM,5.21,CHEMBL3056339,CHEMBL1900,1
CHEMBL2260159,O=C(O)/C=C/CN1C(=O)S/C(=C/c2ccc(O)cc2)C1=O,IC50,=,1191.24,nM,5.92,CHEMBL3056339,CHEMBL1900,1
CHEMBL2260158,O=C(O)CN1C(=O)S/C(=C/c2ccc(O)cc2)C1=O,IC50,=,489.78,nM,6.31,CHEMBL3056339,CHEMBL1900,1
CHEMBL2260157,COC(=O)CN1C(=O)S/C(=C/c2ccc(O)cc2)C1=O,IC50,=,39084.09,nM,4.41,CHEMBL3056339,CHEMBL1900,1
CHEMBL2260156,O=C(O)CN1C(=O)S/C(=C/c2cccc(O)c2)C1=O,IC50,=,4168.69,nM,5.38,CHEMBL3056339,CHEMBL1900,1
CHEMBL2260155,O=C1NC(=O)/C(=C\c2cccc(O)c2)S1,IC50,=,149.97,nM,6.82,CHEMBL3056339,CHEMBL1900,1
CHEMBL2260154,O=C(O)CN1C(=O)S/C(=C/c2cccc3ccccc23)C1=O,IC50,=,6180.16,nM,5.21,CHEMBL3056339,CHEMBL1900,1
CHEMBL2260153,O=C(O)CN1C(=O)S/C(=C/c2ccc(-c3ccccc3)cc2)C1=O,IC50,=,660.69,nM,6.18,CHEMBL3056339,CHEMBL1900,1
CHEMBL2260152,COC(=O)CN1C(=O)S/C(=C/c2cccc(Oc3ccccc3)c2)C1=O,IC50,=,260.02,nM,6.58,CHEMBL3056339,CHEMBL1900,1
CHEMBL1020,Cc1ccc(C(=O)c2ccc(CC(=O)O)n2C)cc1,IC50,=,2390.0,nM,5.62,CHEMBL3075342,CHEMBL1900,1
CHEMBL15770,CC1=C(CC(=O)O)c2cc(F)ccc2/C1=C\c1ccc([S+](C)[O-])cc1,IC50,=,374.0,nM,6.43,CHEMBL3075342,CHEMBL1900,2
CHEMBL151,O=c1cc(-c2ccc(O)c(O)c2)oc2cc(O)cc(O)c12,IC50,=,600.0,nM,6.22,CHEMBL2410162,CHEMBL1900,1
CHEMBL2440428,O=C(Nc1ccccn1)c1cc2ccc(O)cc2o/c1=N\c1ccccc1,IC50,=,34.0,nM,7.47,CHEMBL2444356,CHEMBL1900,1
CHEMBL2440416,COc1ccc(/N=c2\oc3cc(O)ccc3cc2C(=O)NCCCO)cc1,IC50,=,29.0,nM,7.54,CHEMBL2444356,CHEMBL1900,1
CHEMBL2440413,COc1ccc(/N=c2\oc3cc(O)ccc3cc2C(=O)NCC(C)C)cc1,IC50,=,28.0,nM,7.55,CHEMBL2444356,CHEMBL1900,1
CHEMBL2440412,CCCCNC(=O)c1cc2ccc(O)cc2o/c1=N\c1ccc(OC)cc1,IC50,=,28.0,nM,7.55,CHEMBL2444356,CHEMBL1900,1
CHEMBL2440414,COc1ccc(/N=c2\oc3cc(O)ccc3cc2C(=O)NC2CCCCC2)cc1,IC50,=,27.0,nM,7.57,CHEMBL2444356,CHEMBL1900,1
CHEMBL2440424,Cc1ccc(/N=c2\oc3cc(O)ccc3cc2C(=O)Nc2ccccn2)cc1,IC50,=,26.0,nM,7.58,CHEMBL2444356,CHEMBL1900,1
CHEMBL2440425,O=C(Nc1ccccn1)c1cc2ccc(O)cc2o/c1=N\c1ccc(Br)cc1,IC50,=,25.0,nM,7.6,CHEMBL2444356,CHEMBL1900,1
CHEMBL2440417,COc1ccc(/N=c2\oc3cc(O)ccc3cc2C(=O)NCc2ccccc2)cc1,IC50,=,24.0,nM,7.62,CHEMBL2444356,CHEMBL1900,1
CHEMBL2440422,O=C(Nc1ccccn1)c1cc2ccc(O)cc2o/c1=N\c1ccc(O)cc1,IC50,=,24.0,nM,7.62,CHEMBL2444356,CHEMBL1900,1
CHEMBL2440415,COc1ccc(/N=c2\oc3cc(O)ccc3cc2C(=O)NCCO)cc1,IC50,=,20.0,nM,7.7,CHEMBL2444356,CHEMBL1900,1
CHEMBL2440427,O=C(O)Cc1ccc(/N=c2\oc3cc(O)ccc3cc2C(=O)Nc2ccccn2)cc1,IC50,=,20.0,nM,7.7,CHEMBL2444356,CHEMBL1900,1
CHEMBL2440423,O=C(O)c1ccc(/N=c2\oc3cc(O)ccc3cc2C(=O)Nc2ccccn2)cc1,IC50,=,19.0,nM,7.72,CHEMBL2444356,CHEMBL1900,1
CHEMBL2440426,O=C(Nc1ccccn1)c1cc2ccc(O)cc2o/c1=N\c1ccc(I)cc1,IC50,=,12.0,nM,7.92,CHEMBL2444356,CHEMBL1900,1
CHEMBL2440411,COc1ccc(/N=c2\oc3cc(O)ccc3cc2C(=O)NC(C)C)cc1,IC50,=,6.7,nM,8.17,CHEMBL2444356,CHEMBL1900,1
CHEMBL3109109,O=C(N[C@@H]1O[C@H](CO)[C@@H](O)[C@H](O)[C@H]1O)c1cc(O)c(O)c(O)c1,IC50,=,9000.0,nM,5.05,CHEMBL3111377,CHEMBL1900,1
CHEMBL480283,O=C(O[C@@H]1O[C@H](CO)[C@@H](O)[C@H](O)[C@H]1O)c1cc(O)c(O)c(O)c1,IC50,=,8000.0,nM,5.1,CHEMBL3111377,CHEMBL1900,1
CHEMBL1401,CC(=O)Oc1ccccc1C(=O)Nc1ncc([N+](=O)[O-])s1,IC50,=,8220.0,nM,5.08,CHEMBL3421436,CHEMBL1900,1
CHEMBL686,Cc1cccc(Nc2ccccc2C(=O)O)c1C,IC50,=,77000.0,nM,4.11,CHEMBL3421435,CHEMBL1900,1
CHEMBL1405739,O=C(O)Cn1c2ccccc2c2nnc(S)nc21,IC50,=,57.0,nM,7.24,CHEMBL3424962,CHEMBL1900,1
CHEMBL1645385,O=C1N=C(O)S/C1=C\c1ccc(Oc2ccccc2)cc1,IC50,=,6140.0,nM,5.21,CHEMBL3587449,CHEMBL1900,1
CHEMBL276915,O=c1cc(-c2ccccc2)oc2cc(O)ccc12,IC50,=,12300.0,nM,4.91,CHEMBL3745359,CHEMBL1900,1
CHEMBL28,O=c1cc(-c2ccc(O)cc2)oc2cc(O)cc(O)c12,IC50,=,11900.0,nM,4.92,CHEMBL3745359,CHEMBL1900,1
CHEMBL289277,Cc1cc(O)c2C(=O)c3c(O)cc(O)cc3C(=O)c2c1,Ki,=,2113.0,nM,5.67,CHEMBL3854223,CHEMBL1900,1
CHEMBL3922733,CC1=N/C(=C\c2ccc(O)cc2)C(=O)N1CC(=O)O,IC50,=,360.0,nM,6.44,CHEMBL3878417,CHEMBL1900,1
CHEMBL3932710,CC1=N/C(=C\c2cccc(O)c2)C(=O)N1CC(=O)O,IC50,=,3200.0,nM,5.5,CHEMBL3878417,CHEMBL1900,1
CHEMBL3917477,CC1=N/C(=C\c2ccccc2)C(=O)N1CC(=O)O,IC50,=,580.0,nM,6.24,CHEMBL3878417,CHEMBL1900,1
CHEMBL3936476,COc1ccc(/C=C2\N=C(C)N(CC(=O)O)C2=O)cc1,IC50,=,510.0,nM,6.29,CHEMBL3878417,CHEMBL1900,1
CHEMBL3908530,CC1=N/C(=C\c2ccc(F)cc2)C(=O)N1CC(=O)O,IC50,=,650.0,nM,6.19,CHEMBL3878417,CHEMBL1900,1
CHEMBL3942794,CC1=N/C(=C\c2ccc(Cl)cc2)C(=O)N1CC(=O)O,IC50,=,270.0,nM,6.57,CHEMBL3878417,CHEMBL1900,1
CHEMBL3935367,CC1=N/C(=C\c2ccc(Br)cc2)C(=O)N1CC(=O)O,IC50,=,240.0,nM,6.62,CHEMBL3878417,CHEMBL1900,1
CHEMBL3964987,CC1=N/C(=C\c2ccc3ccccc3c2)C(=O)N1CC(=O)O,IC50,=,100.0,nM,7.0,CHEMBL3878417,CHEMBL1900,1
CHEMBL3926455,CC1=N/C(=C\c2cccc3ccccc23)C(=O)N1CC(=O)O,IC50,=,540.0,nM,6.27,CHEMBL3878417,CHEMBL1900,1
CHEMBL3956034,CC1=N/C(=C\c2cc(C)c(O)c(C)c2)C(=O)N1CC(=O)O,IC50,=,130.0,nM,6.89,CHEMBL3878417,CHEMBL1900,1
CHEMBL3979826,CC1=N/C(=C\c2ccc(OCC(=O)O)cc2)C(=O)N1CC(=O)O,IC50,=,310.0,nM,6.51,CHEMBL3878417,CHEMBL1900,1
CHEMBL3945763,CC1=N/C(=C\c2ccc(O)cc2)C(=O)N1CCC(=O)O,IC50,=,10700.0,nM,4.97,CHEMBL3878417,CHEMBL1900,1
CHEMBL3975136,CCOC(=O)CN1C(=O)/C(=C/c2ccc(O)cc2)N=C1C,IC50,=,23000.0,nM,4.64,CHEMBL3878417,CHEMBL1900,1
CHEMBL3973623,CC(=O)c1ccc(C(=O)O)c(Nc2ccccc2C(=O)O)c1,IC50,=,27700.0,nM,4.56,CHEMBL3888226,CHEMBL1900,1
CHEMBL3899044,O=C(O)c1ccccc1Nc1cc(C(F)(F)F)ccc1[N+](=O)[O-],IC50,=,50000.0,nM,4.3,CHEMBL3888226,CHEMBL1900,1
CHEMBL3945188,COc1ccc([N+](=O)[O-])c(Nc2ccccc2C(=O)O)c1,IC50,=,42700.0,nM,4.37,CHEMBL3888226,CHEMBL1900,1
CHEMBL4071421,O=C(NCCCc1cccc(O)c1)c1cc2ccc(O)cc2oc1=O,IC50,=,180.0,nM,6.75,CHEMBL4020428,CHEMBL1900,1
CHEMBL4098452,O=C(NCCCc1ccccc1O)c1cc2ccc(O)cc2oc1=O,IC50,=,220.0,nM,6.66,CHEMBL4020428,CHEMBL1900,1
CHEMBL4081954,O=C(NCCCc1ccc(O)cc1)c1cc2ccc(O)cc2oc1=O,IC50,=,204.0,nM,6.69,CHEMBL4020428,CHEMBL1900,1
CHEMBL4060049,O=C(NCCCc1cccc(F)c1)c1cc2ccc(O)cc2oc1=O,IC50,=,340.0,nM,6.47,CHEMBL4020428,CHEMBL1900,1
CHEMBL4089817,O=C(NCCCc1ccc(F)cc1)c1cc2ccc(O)cc2oc1=O,IC50,=,277.0,nM,6.56,CHEMBL4020428,CHEMBL1900,1
CHEMBL4068704,O=C(NCCCc1cc(F)cc(F)c1)c1cc2ccc(O)cc2oc1=O,IC50,=,320.0,nM,6.5,CHEMBL4020428,CHEMBL1900,1
CHEMBL4062779,Cc1ccc(CCCNC(=O)c2cc3ccc(O)cc3oc2=O)cc1,IC50,=,200.0,nM,6.7,CHEMBL4020428,CHEMBL1900,1
CHEMBL4084456,COc1ccc(CCCNC(=O)c2cc3ccc(O)cc3oc2=O)cc1,IC50,=,390.0,nM,6.41,CHEMBL4020428,CHEMBL1900,1
CHEMBL4071420,O=C(NCCCCc1ccc(O)cc1)c1cc2ccc(O)cc2oc1=O,IC50,=,314.0,nM,6.5,CHEMBL4020428,CHEMBL1900,1
CHEMBL4081953,O=C(NCCCc1ccc(O)cc1)c1cc2cccc(O)c2oc1=O,IC50,=,9500.0,nM,5.02,CHEMBL4020428,CHEMBL1900,1
CHEMBL3318218,O=C(NCCc1ccc(O)cc1)c1cc2ccc(O)cc2oc1=O,IC50,=,98.0,nM,7.01,CHEMBL4020428,CHEMBL1900,1
CHEMBL4089816,COc1ccc(/N=c2\oc3cc(O)ccc3cc2C(=O)NCCCc2cccc(O)c2)cc1,IC50,=,15.0,nM,7.82,CHEMBL4020428,CHEMBL1900,1
CHEMBL105350,O=C(/C=C/c1ccc(O)cc1)CC(=O)/C=C/c1ccc(O)cc1,IC50,=,5100.0,nM,5.29,CHEMBL4020463,CHEMBL1900,1
CHEMBL270067,C[C@H](CCC(=O)O)[C@H]1CC[C@H]2[C@@H]3CC[C@@H]4C[C@@H](O)CC[C@]4(C)[C@H]3CC[C@@]21C,IC50,=,6900.0,nM,5.16,CHEMBL4020465,CHEMBL1900,1
CHEMBL4092708,O=C(O)COc1cc(Cl)ccc1C(=O)NCc1c(Br)c(Br)c(Br)c(Br)c1Br,IC50,=,21700.0,nM,4.66,CHEMBL4020469,CHEMBL1900,1
CHEMBL4128992,O=C(O)COc1cc(Cl)ccc1C(=O)NCc1ccc(Br)cc1,IC50,=,550.0,nM,6.26,CHEMBL4121233,CHEMBL1900,1
CHEMBL1230062,O=C(O)COc1cc(Cl)ccc1C(=O)NCc1ccc(Br)cc1F,IC50,=,30.0,nM,7.52,CHEMBL4121233,CHEMBL1900,1
CHEMBL4206601,CCOC(=O)N1CCc2c(C1)c1cc(OC)ccc1n2CC(=O)O,IC50,=,83.5,nM,7.08,CHEMBL4180647,CHEMBL1900,1
CHEMBL1645387,O=C(O)CN1C(=O)/C(=C/c2ccc(Oc3ccccc3)cc2)SC1=S,IC50,=,60.0,nM,7.22,CHEMBL4326712,CHEMBL1900,1
CHEMBL1172417,O=C(O)CN1C(=O)/C(=C/c2cccc(Oc3ccccc3)c2)SC1=S,IC50,=,25.0,nM,7.6,CHEMBL4326712,CHEMBL1900,1
CHEMBL185623,O=C(O)CN1C(=O)/C(=C/c2ccc(OCc3ccccc3)cc2)SC1=S,IC50,=,52.0,nM,7.28,CHEMBL4326712,CHEMBL1900,1
CHEMBL184768,O=C(O)CN1C(=O)/C(=C/c2cccc(OCc3ccccc3)c2)SC1=S,IC50,=,53.0,nM,7.28,CHEMBL4326712,CHEMBL1900,1
CHEMBL1645388,COc1cccc(/C=C2\SC(=S)N(CC(=O)O)C2=O)c1,IC50,=,78.0,nM,7.11,CHEMBL4326712,CHEMBL1900,1
CHEMBL3262476,NC(=O)COc1ccc(/C=C2\SC(=S)N(CC(=O)O)C2=O)cc1,IC50,=,194.0,nM,6.71,CHEMBL4326712,CHEMBL1900,1
CHEMBL3262475,NC(=O)COc1cccc(/C=C2\SC(=S)N(CC(=O)O)C2=O)c1,IC50,=,64.0,nM,7.19,CHEMBL4326712,CHEMBL1900,1
CHEMBL3262478,COc1cc(/C=C2\SC(=S)N(CC(=O)O)C2=O)ccc1OCC(N)=O,IC50,=,228.0,nM,6.64,CHEMBL4326712,CHEMBL1900,1
CHEMBL3262477,COc1ccc(/C=C2\SC(=S)N(CC(=O)O)C2=O)cc1OCC(N)=O,IC50,=,139.0,nM,6.86,CHEMBL4326712,CHEMBL1900,1
CHEMBL1384494,O=C(O)CN1C(=O)/C(=C/C=C/c2ccccc2)SC1=S,IC50,=,125.0,nM,6.9,CHEMBL4326712,CHEMBL1900,1
CHEMBL4436037,O=C(O)CN1C(=O)/C(=C/c2ccc(OCCc3ccccc3)cc2)SC1=S,IC50,=,104.0,nM,6.98,CHEMBL4326712,CHEMBL1900,1
CHEMBL4459307,O=C(O)CN1C(=O)/C(=C/c2cccc(OCCc3ccccc3)c2)SC1=S,IC50,=,56.0,nM,7.25,CHEMBL4326712,CHEMBL1900,1
CHEMBL4554837,COc1cc(/C=C2\SC(=S)N(CC(=O)O)C2=O)ccc1OCc1ccccc1,IC50,=,40.0,nM,7.4,CHEMBL4326712,CHEMBL1900,1
CHEMBL4483615,O=C(O)CN1C(=O)S/C(=C\c2ccc(OCCc3ccccc3)cc2)C1=O,IC50,=,364.0,nM,6.44,CHEMBL4326712,CHEMBL1900,1
CHEMBL4455326,COc1cc(/C=C2\SC(=O)N(CC(=O)O)C2=O)ccc1OCc1ccccc1,IC50,=,323.0,nM,6.49,CHEMBL4326712,CHEMBL1900,1
CHEMBL4448571,O=C(O)CN1C(=O)S/C(=C\c2cccc(OCCc3ccccc3)c2)C1=O,IC50,=,276.0,nM,6.56,CHEMBL4326712,CHEMBL1900,1
CHEMBL4483785,COc1cc(/C=C2\S/C(=N\c3ccccc3)N(CC(=O)O)C2=O)ccc1OCc1ccccc1,IC50,=,1410.0,nM,5.85,CHEMBL4326712,CHEMBL1900,1
CHEMBL4458061,O=C(O)Cc1nn(Cc2nc3cc(C(F)(F)F)ccc3s2)c(=O)c2cc3ccccc3cc12,IC50,=,46.0,nM,7.34,CHEMBL4355634,CHEMBL1900,1
CHEMBL4436968,O=C(O)Cc1nn(Cc2cc(F)cc(Br)c2)c(=O)c2ccccc12,IC50,=,20.0,nM,7.7,CHEMBL4355634,CHEMBL1900,1
CHEMBL4582264,O=C(O)Cn1c2ccccc2c2n[nH]c(=O)nc21,IC50,=,66.0,nM,7.18,CHEMBL4380033,CHEMBL1900,1
CHEMBL4454563,O=C1NC2(CCCc3ccccc32)C(=O)N1S(=O)(=O)c1ccc(Cl)cc1,IC50,=,40150.0,nM,4.4,CHEMBL4388081,CHEMBL1900,2
CHEMBL4578754,O=C1NC2(CCCc3ccccc32)C(=O)N1S(=O)(=O)c1ccc(Br)cc1,IC50,=,10840.0,nM,4.96,CHEMBL4388081,CHEMBL1900,2
CHEMBL4532536,Cc1ccc(S(=O)(=O)N2C(=O)NC3(CCCc4ccccc43)C2=O)cc1,IC50,=,1800.0,nM,5.75,CHEMBL4388081,CHEMBL1900,2
CHEMBL4514288,CC(C)c1ccc(S(=O)(=O)N2C(=O)NC3(CCCc4ccccc43)C2=O)cc1,IC50,=,8020.0,nM,5.1,CHEMBL4388081,CHEMBL1900,2
CHEMBL4452743,CC(=O)c1ccc(S(=O)(=O)N2C(=O)NC3(CCCc4ccccc43)C2=O)cc1,IC50,=,37720.0,nM,4.42,CHEMBL4388081,CHEMBL1900,2
CHEMBL4560452,COc1ccc(S(=O)(=O)N2C(=O)NC3(CCCc4ccccc43)C2=O)cc1,IC50,=,11660.0,nM,4.93,CHEMBL4388081,CHEMBL1900,2
CHEMBL4451159,O=C1NC(=O)C2(CCCc3ccccc32)N1S(=O)(=O)c1ccc(F)cc1,IC50,=,5840.0,nM,5.23,CHEMBL4388081,CHEMBL1900,2
CHEMBL4462586,O=C1NC(=O)C2(CCCc3ccccc32)N1S(=O)(=O)c1ccc(Cl)cc1,IC50,=,6150.0,nM,5.21,CHEMBL4388081,CHEMBL1900,2
CHEMBL4577996,O=C1NC(=O)C2(CCCc3ccccc32)N1S(=O)(=O)c1ccc(Br)cc1,IC50,=,5720.0,nM,5.24,CHEMBL4388081,CHEMBL1900,2
CHEMBL4474168,Cc1ccc(S(=O)(=O)N2C(=O)NC(=O)C23CCCc2ccccc23)cc1,IC50,=,5020.0,nM,5.3,CHEMBL4388081,CHEMBL1900,2
CHEMBL4520640,O=C1NC(=O)C2(CCCc3ccccc32)N1S(=O)(=O)c1ccc([N+](=O)[O-])cc1,IC50,=,34500.0,nM,4.46,CHEMBL4388081,CHEMBL1900,2
CHEMBL4451105,CC(C)c1ccc(S(=O)(=O)N2C(=O)NC(=O)C23CCCc2ccccc23)cc1,IC50,=,560.0,nM,6.25,CHEMBL4388081,CHEMBL1900,2
CHEMBL4539238,CC(=O)c1ccc(S(=O)(=O)N2C(=O)NC(=O)C23CCCc2ccccc23)cc1,IC50,=,640.0,nM,6.19,CHEMBL4388081,CHEMBL1900,2
CHEMBL4473480,COc1ccc(S(=O)(=O)N2C(=O)NC(=O)C23CCCc2ccccc23)cc1,IC50,=,5660.0,nM,5.25,CHEMBL4388081,CHEMBL1900,2
CHEMBL4447267,O=C(CN1C(=O)NC2(C1=O)c1ccccc1-c1ccccc12)Nc1ccc(Cl)cc1,IC50,=,1030.0,nM,5.99,CHEMBL4390264,CHEMBL1900,1
CHEMBL4554231,O=C(CN1C(=O)NC2(C1=O)c1ccccc1-c1ccccc12)Nc1ccc(Br)cc1,IC50,=,930.0,nM,6.03,CHEMBL4390264,CHEMBL1900,1
CHEMBL4458431,Cc1ccc(NC(=O)CN2C(=O)NC3(C2=O)c2ccccc2-c2ccccc23)cc1,IC50,=,6210.0,nM,5.21,CHEMBL4390264,CHEMBL1900,1
CHEMBL4520535,COc1ccc(NC(=O)CN2C(=O)NC3(C2=O)c2ccccc2-c2ccccc23)cc1,IC50,=,2870.0,nM,5.54,CHEMBL4390264,CHEMBL1900,1
CHEMBL4458804,O=C(CN1C(=O)NC2(C1=O)c1ccccc1-c1ccccc12)Nc1ccc(Cl)cc1Cl,IC50,=,370.0,nM,6.43,CHEMBL4390264,CHEMBL1900,1
CHEMBL1866615,O=C(CN1C(=O)NC2(CCCCC2)C1=O)Nc1ccc(Cl)cc1,IC50,=,1130.0,nM,5.95,CHEMBL4390264,CHEMBL1900,1
CHEMBL4442588,O=C(CN1C(=O)NC2(CCCCC2)C1=O)Nc1ccc(Br)cc1,IC50,=,720.0,nM,6.14,CHEMBL4390264,CHEMBL1900,1
CHEMBL4456333,Cc1ccc(NC(=O)CN2C(=O)NC3(CCCCC3)C2=O)cc1,IC50,=,10200.0,nM,4.99,CHEMBL4390264,CHEMBL1900,1
CHEMBL4460631,COc1ccc(NC(=O)CN2C(=O)NC3(CCCCC3)C2=O)cc1,IC50,=,2760.0,nM,5.56,CHEMBL4390264,CHEMBL1900,1
CHEMBL4538159,O=C(CN1C(=O)NC2(CCCCC2)C1=O)Nc1ccc(Cl)cc1Cl,IC50,=,1950.0,nM,5.71,CHEMBL4390264,CHEMBL1900,1
CHEMBL1908021,O=C1NC(=O)C(c2ccccc2)(c2ccc(O)cc2)N1,IC50,=,40600.0,nM,4.39,CHEMBL4603182,CHEMBL1900,2
CHEMBL4640749,Cn1cnc2c1c(=O)n(CCCCC1(C)NC(=O)NC1=O)c(=O)n2C,IC50,=,65600.0,nM,4.18,CHEMBL4603182,CHEMBL1900,2
CHEMBL289046,O=C1NC(=O)C2(CCCc3ccccc32)N1,IC50,=,80100.0,nM,4.1,CHEMBL4603182,CHEMBL1900,2
